RestaurantName,Latitude,Longitude,FoodItem,MenuTypeIndex,MenuType,DishTypeIndex,DishType,AddOn,Description,Dairy,Milk,Eggs,ShellFish,Fish,TreeNuts,Peanuts,Wheat,Soybeans,Sesame,Vegan,Vegetarian,GlutenFree,Pescatarian,NOTE:
DIG Inn,,,Classic Brown RIce ,1,Regular,1,Bases,,"Brown rice (brown rice, water, sea salt, bay leaf), thyme oil (Sunflower Oil, thyme), apple cider, vinegar, lime juice, Maldon sea salt, parsley",N,,N,N,N,N,N,N,N,N,Y,Y,Y,Y,
DIG Inn,,,Farm Greens with Mint,1,Regular,1,Bases,,"Romaine lettuce, mesclun, mint",N,,N,N,N,N,N,N,N,N,Y,Y,Y,Y,
DIG Inn,,,Herb Farro,1,Regular,1,Bases,,"Farro (farro, water, sea salt, bay leaf, dried oregano, rosemary, basil), gremolata (rosemary, marjoram, parsley, garlic, sea salt, canola oil, extra virgin olive oil), celery, parsley, lemon juice, black pepper ",N,N,N,N,N,N,N,Y,N,N,Y,Y,N,Y,
DIG Inn,,,Herb Rice,1,Regular,1,Bases,,"Brown rice (brown rice, water, sea salt, bay leaf), cilantro puree (cilantro, parsley, garlic oil [sunflower oil, garlic]), sea salt ",N,N,N,N,N,N,N,N,N,N,Y,,,,
DIG Inn,,,Charred Chicken,1,Regular,2,Proteins,,"Skinless chicken thigh, charred chicken marinade (extra virgin olive oil, yellow onion, lemon, sea salt, water, smoked sweet paprika, coriander, onion powder, mustard seed, fennel seed) ",N,,N,N,N,N,N,N,N,N,N,N,Y,N,
DIG Inn,,,Crispy Tofu,1,Regular,2,Proteins,,"Tofu (corn starch, coriander, crushed red pepper, sea salt, smoked paprika,  dried oregano), canola oil ",N,,N,N,N,N,N,N,Y,N,Y,Y,Y,Y,
DIG Inn,,,Herb Roasted Skinless Chicken,1,Regular,2,Proteins,,"Chicken breast, Herb Marinade (canola oil, garlic, parsley, rosemary, oregano, thyme, coriander, paprika, sea salt) ",N,,N,N,N,N,N,N,N,N,N,N,Y,N,
DIG Inn,,,Meatballs with tomato ragu,1,Regular,2,Proteins,,"Meatballs (beef, chicken, whole grain oats, tomato, citric acid, white onion, Green Lentils, celery seed, parsley, egg, carrot, sea salt, garlic, fennel, black pepper), Spicy Tomato Ragu (crushed tomatoes, sea salt, sugar, chili flake, black pepper, garlic oil [sunflower oil, garlic])",N,,Y,N,N,N,N,N,N,N,N,N,Y,N,
DIG Inn,,,seared wild salmon,1,Regular,2,Proteins,,"Wild Alaskan salmon, seasoning blend (sea salt, black pepper, paprika, dried oregano, garlic powder, mustard powder, granulated sugar), canola oil ",N,,N,N,Y,N,N,N,N,N,N,N,Y,Y,
DIG Inn,,,hot honey chicken,1,Regular,2,Proteins,,"CHARRED CHICKEN (skinless chicken thigh, charred chicken marinade [extra virgin olive oil, yellow onion, lemon, sea salt, water, smoked sweet paprika, coriander, onion powder, mustard seed, fennel seed]), Maple Honey Sriracha (Sriracha [canola oil, Fresno pepper, sea salt, agave nectar, tomato paste, apple cider vinegar, garlic, water], maple syrup, honey) ",N,,N,N,N,N,N,N,N,N,N,N,Y,N,
DIG Inn,,,crispy baked chicken,1,Regular,2,Proteins,,"Skinless chicken thigh, Herb Marinade (canola oil, garlic, parsley, rosemary, oregano, thyme, coriander, paprika, sea salt), buttermilk, cornflakes, AP flour, baking soda, baking powder, smoked paprika ",Y,Y,N,N,N,N,N,Y,N,N,N,N,N,N,
DIG Inn,,,grilled sirloin steak,1,Regular,2,Proteins,,"Sirloin steak, sea salt, black pepper, smoked paprika, canola oil",N,,N,N,N,N,N,N,N,N,N,N,Y,N,
DIG Inn,,,Shredded BBQ Beef Brisket,1,Regular,2,Proteins,,"Beef brisket, brisket rub (sweet pimenton, coriander, chili powder, onion powder, garlic powder, black pepper, sugar, sea salt), barbecue sauce (crushed tomato, molasses, dijon mustard, apple cider vinegar, garlic oil [garlic, sunflower oil], onion powder, garlic powder, black pepper, sweet pimenton, sea salt) ",N,N,N,N,N,N,N,N,N,N,N,N,Y,N,
DIG Inn,,,BBQ Chicken,1,Regular,2,Proteins,,"Charred chicken (Skinless chicken thigh, charred chicken marinade [extra virgin olive oil, yellow onion, lemon, sea salt, water, smoked sweet paprika, coriander, onion powder, mustard seed, fennel seed]), barbecue sauce (crushed tomato, molasses, dijon mustard, apple cider vinegar, garlic oil [garlic, sunflower oil], onion powder, garlic powder, black pepper, sweet pimenton, sea salt) ",N,N,N,N,N,N,N,N,N,N,N,N,Y,N,
DIG Inn,,,BBQ Tofu,1,Regular,2,Proteins,,"Tofu (corn starch, coriander, crushed red pepper, sea salt, smoked paprika,  dried oregano), canola oil, barbecue sauce (crushed tomato, molasses, dijon mustard, apple cider vinegar, garlic oil [garlic, sunflower oil], onion powder, garlic powder, black pepper, sweet pimenton, sea salt) ",N,N,N,N,N,N,N,N,Y,N,Y,Y,Y,Y,
DIG Inn,,,Cheesy Cauliflower,1,Regular,3,Sides,,"Cauliflower, garlic aioli (tofu, garlic, cayenne, sea salt, mustard powder, apple cider vinegar, canola oil, extra virgin olive oil), parmesan cheese, lemon juice, sea salt, scallion, chili flake ",Y,Y,N,N,N,N,N,N,Y,N,N,Y,Y,Y,
DIG Inn,,,chili lime brussels ,1,Regular,3,Sides,,"Brussels sprouts, red onion, sweet chili sauce (ginger, garlic, apple cider vinegar, gochugaru flakes, crushed red pepper, agave, canola oil, sea salt), salt, sugar, canola oil, smoked black pepper, mint, basil, lime juice",N,,N,N,N,N,N,N,N,N,Y,Y,Y,Y,
DIG Inn,,,kale apple crunch,1,Regular,3,Sides,,"Tuscan kale, apple, lemon, dried cranberries, Jasper Hill shredded cheese blend, balsamic vinaigrette (balsamic vinegar, shallot, agave, sea salt, canola oil, dijon mustard, rosemary, garlic), toasted pumpkin seed (pumpkin seed, sea salt, canola oil), maldon sea salt",Y,,N,N,N,N,N,N,N,N,N,Y,Y,Y,
DIG Inn,,,herb marinated cannellini beans,1,Regular,3,Sides,,"Cannellini Beans, Gremolata Pesto (marjoram, parsley, rosemary, garlic, canola oil, extra virgin olive oil, sea salt), Maldon sea salt, Pickled Red Onions (apple cider vinegar, water, sea salt, sugar, peppadew peppers), celery ",N,N,N,N,N,N,N,N,N,N,Y,Y,Y,Y,
DIG Inn,,,tomatoes and cucumbers,1,Regular,3,Sides,,"Persian Cucumbers, Heirloom Cherry Tomatoes, Pickled Red Onions (apple cider vinegar, water, sea salt, sugar, Peppadew Peppers), Mint, Parsley, black pepper, Maldon sea salt ",N,N,N,N,N,N,N,N,N,N,Y,Y,Y,Y,
DIG Inn,,,cashew kale caesar,1,Regular,3,Sides,,"Green kale, Tuscan kale, Cashew Caesar dressing (lemon juice, cashews, coconut aminos, garlic, dijon mustard, sea salt, black pepper, red wine vinegar, canola oil, water), Candied Cashew (cashew, maple syrup, sea salt, sugar, canola oil, cayenne pepper, Chinese five spice, black pepper), chili flake, green cabbage, lemon juice, Maldon sea salt ",N,N,N,N,N,Y,N,N,N,N,Y,Y,Y,Y,
DIG Inn,,,charred broccli with lemon,1,Regular,3,Sides,,"Roasted broccoli (broccoli, sea salt, garlic oil [garlic, sunflower oil]), lemon, Maldon sea salt ",N,N,N,N,N,N,N,N,N,N,Y,Y,Y,Y,
DIG Inn,,,jasper hill mac and cheese,1,Regular,3,Sides,,"Whole wheat pasta, bechamel sauce (canola oil, whole wheat flour, whole milk, garlic, rosemary, nutmeg, sea salt, bay leaf, black pepper, Nisin), Jasper Hill shredded cheese blend, heavy cream, seasoned breadcrumb (panko breadcrumb, garlic oil [garlic, sunflower oil], onion powder, sea salt, smoked sweet paprika, black pepper) ",Y,Y,N,N,N,N,N,Y,N,N,N,Y,N,Y,
DIG Inn,,,roasted sweet potatoes ,1,Regular,3,Sides,,"Roasted sweet potato (sweet potato, canola oil, sea salt, black pepper), Rosemary Oil (Sunflower Oil, Rosemary), extra virgin olive oil, Maldon sea salt ",N,N,N,N,N,N,N,N,N,N,Y,Y,Y,Y,
DIG Inn,,,sheet tray carrots,1,Regular,3,Sides,,"Coriander spiced carrot (carrot, garlic oil [garlic, sunflower oil], coriander, sea salt, chili flake), Gremolata Pesto (marjoram, parsley, rosemary, garlic, canola oil, extra virgin olive oil, sea salt), lemon, Maldon sea salt ",N,N,N,N,N,N,N,N,N,N,Y,Y,Y,Y,
DIG Inn,,,Roasted street corn,1,Regular,3,Sides,,"Roasted corn (garlic oil, corn, sea salt, chili flake), green cabbage, peppadew peppers, cilantro, parsley, grated parmesan, lime juice, garlic aioli (Silken tofu, garlic, cayenne, sea salt, mustard powder, apple cider vinegar, canola oil, extra virgin olive oil) ",Y,Y,N,N,N,N,N,N,Y,N,N,Y,Y,Y,
DIG Inn,,,Pickle Slaw,1,Regular,3,Sides,,"Green cabbage, shredded pickled carrots (sugar, sea salt, pickle brine), pickles, parsley, Dig Sauce (vegan mayonnaise, Sriracha [Canola oil, Fresno pepper, sea salt, agave, tomato paste, apple cider vinegar, garlic, water], smoked black pepper, garlic powder) ",N,N,N,N,N,N,N,N,Y,N,Y,Y,Y,Y,
DIG Inn,,,mashed potatoes ,1,Regular,3,Sides,,"Yukon gold potatoes, heavy cream, butter, garlic oil (garlic, sunflower oil), sea salt",Y,,N,N,N,N,N,N,N,N,N,Y,Y,Y,
DIG Inn,,,mashed potatoes with gravy,1,Regular,3,Sides,,"Mashed potatoes (yukon gold potatoes, heavy cream, butter, garlic oil [garlic, sunflower oil], sea salt), poultry gravy (turkey stock [water, turkey stock, natural flavor, salt, yeast extract, sugar, and turkey fat], Wheat Starch, Corn Starch, Chicken Fat, [chicken fat, rosemary], spice, sea salt, granulated sugar, caramel color, onion powder, carrot powder [carrot, rice hull], nisin, rosemary oil [rosemary, sunflower oil], smoked black pepper, sea salt)",Y,,N,N,N,N,N,Y,N,N,N,Y,N,Y,
DIG Inn,,,vegan classic dig,1,Regular,4,Chef's Specials,,"Crispy Tofu (Corn Starch, Coriander, Crushed Red Pepper, Sea Salt, Smoked Paprika, dried oregano), Roasted Sweet Potatoes (Sweet potato, sweet potato marinade [canola oil, sea salt, black pepper], Rosemary Oil [Sunflower Oil, Rosemary], extra virgin olive oil, Maldon sea salt), Charred Broccoli with Lemon (Broccoli, sea salt, garlic oil [garlic, sunflower oil], lemon, Maldon sea salt), Classic Brown Rice (Brown rice, water, sea salt, bay leaf, thyme oil [Sunflower Oil, thyme], apple cider vinegar, lime juice, Maldon sea salt, parsley), garlic aioli (tofu, garlic, cayenne, sea salt, mustard powder, apple cider vinegar, canola oil, extra virgin olive oil) ",N,N,N,N,N,N,N,N,Y,N,Y,Y,Y,Y,
DIG Inn,,,classic dig,1,Regular,4,Chef's Specials,,"Charred Chicken (Skinless chicken thigh, charred chicken marinade [extra virgin olive oil, yellow onion, lemon, sea salt, water, smoked sweet paprika, coriander, onion powder, mustard seed, fennel seed]). Roasted Sweet Potatoes (Sweet potato, sweet potato marinade [canola oil, sea salt, black pepper], Rosemary Oil [Sunflower Oil, Rosemary], extra virgin olive oil, Maldon sea salt), Charred Broccoli with Lemon (Broccoli, sea salt, garlic oil [garlic, sunflower oil], lemon, Maldon sea salt), Classic Brown Rice (Brown rice, water, sea salt, bay leaf, thyme oil [Sunflower Oil, thyme], apple cider vinegar, lime juice, Maldon sea salt, parsley), garlic aioli (tofu, garlic, cayenne, sea salt, mustard powder, apple cider vinegar, canola oil, extra virgin olive oil) ",N,N,N,N,N,N,N,N,Y,N,N,N,Y,N,
DIG Inn,,,hot honey chicken,1,Regular,4,Chef's Specials,,"Charred Broccoli with Lemon (Broccoli, sea salt, Garlic Oil[(garlic, sunflower oil]), lemon, Maldon sea salt. Sheet Tray Carrots Coriander spiced carrot (carrot, canola oil, coriander, sea salt, chili f lake), lemon, gremolata (garlic, rosemary, marjoram, canola oil, parsley, sea salt, extra virgin olive oil), lemon, Maldon sea salt. Jasper Hill Mac & Cheese Whole wheat pasta, bechamel sauce (canola oil, whole wheat flour, whole milk, garlic, rosemary, nutmeg, sea salt, bay leaf, black pepper, Nisin), Jasper Hill cheese blend, heavy cream, Seasoned Breadcrumb (panko breadcrumb, garlic oil [garlic, sunflower oil], onion powder, sea salt, smoked sweet paprika, black pepper), sea salt. Charred Chicken Skinless chicken thigh, charred chicken marinade (extra virgin olive oil, yellow onion, lemon, sea salt, water, smoked sweet paprika, coriander, onion powder, mustard seed, fennel seed).Maple Honey Sriracha Sriracha (canola oil, Fresno pepper, sea salt, agave nectar, tomato paste, apple cider vinegar, garlic, water), maple syrup, honey. ",Y,Y,N,N,N,N,N,Y,N,N,N,N,N,N,
DIG Inn,,,spicy meatball bowl,1,Regular,4,Chef's Specials,,"Classic Brown Rice (brown rice, water, sea salt, bay leaf), thyme oil (Sunflower Oil, thyme), apple cider vinegar, lime juice, Maldon sea salt, parsley. Meatballs (beef, chicken, whole grain oats, tomato, citric acid, white onion, Green Lentils, celery seed, parsley, egg, carrot, sea salt, garlic, fennel, black pepper), Spicy Tomato Ragu (crushed tomato, sea salt, sugar, chili flake, black pepper, garlic oil (garlic, sunflower oil).Green kale, Tuscan kale, Cashew Caesar dressing (lemon juice, cashews, coconut aminos, garlic, dijon mustard, sea salt, black pepper, red wine vinegar, canola oil, water), Candied Cashew (cashew, maple syrup, sea salt, sugar, canola oil, cayenne pepper, Chinese five spice, black pepper), chili flake, romaine lettuce, lemon juice, Maldon sea salt. Sheet Tray Carrots (Coriander spiced carrot (carrot, canola oil, coriander, sea salt, chili flake), Gremolata Pesto (Marjoram, Parsley, garlic, canola oil, sea salt, black pepper), lemon, Maldon sea salt.",N,,Y,N,N,Y,N,N,N,N,N,N,Y,N,
DIG Inn,,,original crispy chicken sandwich ,1,Regular,4,Chef's Specials,,"Hamburger bun, Farm Greens with Mint (mesclun greens, green cabbage, mint), Crispy Baked Chicken (Skinless chicken thigh, Herb Marinade [canola oil, garlic, parsley, rosemary, oregano, thyme, coriander, paprika, sea salt], buttermilk, cornflakes, AP flour, baking soda, baking powder, smoked paprika), Dig Sauce (vegan mayonnaise, Sriracha [Canola oil, Fresno pepper, sea salt, agave, tomato paste, apple cider vinegar, garlic, water], smoked black pepper, garlic powder), dill pickles ",Y,Y,N,N,N,N,N,Y,Y,N,N,N,N,N,
DIG Inn,,,orginal cripsy tofu sandwich ,1,Regular,4,Chef's Specials,,"Hamburger bun, Farm Greens with Mint (mesclun greens, green cabbage, mint), Crispy Baked Tofu Tofu (Corn Starch, Coriander, Crushed Red Pepper, Sea Salt, Smoked Paprika, Oregano), Dig Sauce (vegan mayonnaise, Sriracha [Canola oil, Fresno pepper, sea salt, agave, tomato paste, apple cider vinegar, garlic, water], smoked black pepper, garlic powder), dill pickles ",N,N,N,N,N,N,N,Y,Y,N,Y,Y,N,Y,
DIG Inn,,,spicy crispy chicken sandwich,1,Regular,4,Chef's Specials,,"Hamburger bun, Farm Greens with Mint (mesclun greens, green cabbage, mint), Crispy Baked Chicken (Skinless chicken thigh, Herb Marinade [canola oil, garlic, parsley, rosemary, oregano, thyme, coriander, paprika, sea salt], buttermilk, cornflakes, AP flour, baking soda, baking powder, smoked paprika), Dig Sauce (vegan mayonnaise, Sriracha [Canola oil, Fresno pepper, sea salt, agave, tomato paste, apple cider vinegar, garlic, water], smoked black pepper, garlic powder), dill pickles, spicy seasoning (crushed red pepper, paprika, onion powder, smoked black pepper) ",Y,Y,N,N,N,N,N,Y,Y,N,N,N,N,N,
DIG Inn,,,spicy crispy tofu sandwich,1,Regular,4,Chef's Specials,,"Hamburger bun, Farm Greens with Mint (mesclun greens, green cabbage, mint), Crispy Baked Tofu Tofu (Corn Starch, Coriander, Crushed Red Pepper, Sea Salt, Smoked Paprika, Oregano), Dig Sauce (vegan mayonnaise, Sriracha [Canola oil, Fresno pepper, sea salt, agave, tomato paste, apple cider vinegar, garlic, water], smoked black pepper, garlic powder), dill pickles, spicy seasoning (crushed red pepper, paprika, onion powder, smoked black pepper) ",N,N,N,N,N,N,N,Y,Y,N,Y,Y,N,Y,
DIG Inn,,,marinara pesto crispy chicken sandwich,1,Regular,4,Chef's Specials,,"Potato bun, Farm Greens with Mint (Romaine lettuce, mint, mesclun), Crispy Baked Chicken (Skinless chicken thigh, charred chicken marinade [extra virgin olive oil, yellow onion, lemon, sea salt, water, smoked sweet paprika, coriander, onion powder, mustard seed, fennel seed], buttermilk, cornflakes, AP flour, baking soda, baking powder), pesto (Pesto base [garlic puree {garlic, canola oil, extra virgin olive oil}, caper, shallot, mustard, garlic, champagne vinegar, sea salt, black pepper], canola oil, extra virgin olive oil, basil, parsley), garlic aioli (Canola Oil, Chickpea Broth (chickpeas, water) Apple Cider Vinegar, Roasted Garlic, Dijon Mustard (Vinegar, Water, mustard seeds, Turmeric), Sea Salt, Water, Spices, tomato ragu (crushed tomato, sea salt, sugar, chili flake, black pepper, garlic oil [garlic, sunflower oil])",Y,,N,N,N,N,N,Y,N,Y,N,N,N,N,
DIG Inn,,,marinara pesto crispy tofu sandwich ,1,Regular,4,Chef's Specials,,"Potato bun, Farm Greens with Mint (Romaine lettuce, mint, mesclun), Crispy Baked Tofu Tofu (Corn Starch, Coriander, Crushed Red Pepper, Sea Salt, Smoked Paprika, Oregano), pesto (Pesto base [garlic puree {garlic, canola oil, extra virgin olive oil}, caper, shallot, mustard, garlic, champagne vinegar, sea salt, black pepper], canola oil, extra virgin olive oil, basil, parsley), garlic aioli (Canola Oil, Chickpea Broth (chickpeas, water) Apple Cider Vinegar, Roasted Garlic, Dijon Mustard (Vinegar, Water, mustard seeds, Turmeric), Sea Salt, Water, Spices, tomato ragu (crushed tomato, sea salt, sugar, chili flake, black pepper, garlic oil [garlic, sunflower oil])",Y,,N,N,N,N,N,Y,Y,Y,N,Y,N,Y,
DIG Inn,,,Nashville Hot Crispy Chicken Sandwich,1,Regular,4,Chef's Specials,,"Hamburger bun, pickle slaw (Green cabbage, shredded pickled carrots [sugar, sea salt, pickle brine], pickles, parsley, Dig Sauce [vegan mayonnaise, Sriracha {Canola oil, Fresno pepper, sea salt, agave, tomato paste, apple cider vinegar, garlic, water}, smoked black pepper, garlic powder]), Crispy Baked Chicken (Skinless chicken thigh, Herb Marinade [canola oil, garlic, parsley, rosemary, oregano, thyme, coriander, paprika, sea salt], buttermilk, cornflakes, AP flour, baking soda, baking powder, smoked paprika), Nashville Hot Sauce (chili powder, maple syrup, crushed red pepper, smoked black pepper, paprika, canola oil, shallot, garlic, cayenne, sea salt), dill pickles ",Y,Y,N,N,N,N,N,Y,Y,N,N,N,N,N,
DIG Inn,,,Nashville Hot Crispy Tofu Sandwich,1,Regular,4,Chef's Specials,,"Hamburger bun, pickle slaw (Green cabbage, shredded pickled carrots [sugar, sea salt, pickle brine], pickles, parsley, Dig Sauce [vegan mayonnaise, Sriracha {Canola oil, Fresno pepper, sea salt, agave, tomato paste, apple cider vinegar, garlic, water}, smoked black pepper, garlic powder]), Crispy Baked Tofu Tofu (Corn Starch, Coriander, Crushed Red Pepper, Sea Salt, Smoked Paprika, Oregano), Nashville Hot Sauce (chili powder, maple syrup, crushed red pepper, smoked black pepper, paprika, canola oil, shallot, garlic, cayenne, sea salt), dill pickles ",N,N,N,N,N,,N,Y,Y,N,Y,Y,N,Y,
DIG Inn,,,Shredded BBQ Beef Briskey Sandwich,1,Regular,4,Chef's Specials,,"Hamburger bun, pickle slaw (Green cabbage, shredded pickled carrots [sugar, sea salt, pickle brine], pickles, parsley, Dig Sauce [vegan mayonnaise, Sriracha {Canola oil, Fresno pepper, sea salt, agave, tomato paste, apple cider vinegar, garlic, water}, smoked black pepper, garlic powder]), Beef brisket, brisket rub (sweet pimenton, coriander, chili powder, onion powder, garlic powder, black pepper, sugar, sea salt), barbecue sauce (crushed tomato, molasses, dijon mustard, apple cider vinegar, garlic oil [garlic, sunflower oil], onion powder, garlic powder, black pepper, sweet pimenton, sea salt), dill pickles ",N,N,N,N,N,N,N,Y,Y,N,N,N,N,N,
DIG Inn,,,Backyard BBQ Chicken Plate,1,Regular,4,Chef's Specials,,"Pickle Slaw (Green cabbage, shredded pickled carrots [sugar, sea salt, pickle brine], pickles, parsley, Dig Sauce [vegan mayonnaise, Sriracha {Canola oil, Fresno pepper, sea salt, agave, tomato paste, apple cider vinegar, garlic, water}, smoked black pepper, garlic powder]), Roasted Street Corn (Roasted corn [garlic oil, corn, sea salt, chili flake], green cabbage, peppadew peppers, cilantro, parsley, grated parmesan, lime juice, garlic aioli [Silken tofu, garlic, cayenne, sea salt, mustard powder, apple cider vinegar, canola oil, extra virgin olive oil]), BBQ Chicken (Skinless chicken thigh, charred chicken marinade [extra virgin olive oil, yellow onion, lemon, sea salt, water, smoked sweet paprika, coriander, onion powder, mustard seed, fennel seed]), barbecue sauce [crushed tomato, molasses, dijon mustard, apple cider vinegar, garlic oil {garlic, sunflower oil}, onion powder, garlic powder, black pepper, sweet pimenton, sea salt]), spicy dill pickle spear ",,Y,Y,N,N,N,N,N,Y,N,N,N,Y,N,
DIG Inn,,,Backyard BBQ Tofu Plate,1,Regular,4,Chef's Specials,,"Pickle Slaw (Green cabbage, shredded pickled carrots [sugar, sea salt, pickle brine], pickles, parsley, Dig Sauce [vegan mayonnaise, Sriracha {Canola oil, Fresno pepper, sea salt, agave, tomato paste, apple cider vinegar, garlic, water}, smoked black pepper, garlic powder]), Roasted Street Corn (Roasted corn [garlic oil, corn, sea salt, chili flake], green cabbage, peppadew peppers, cilantro, parsley, grated parmesan, lime juice, garlic aioli [Silken tofu, garlic, cayenne, sea salt, mustard powder, apple cider vinegar, canola oil, extra virgin olive oil]), BBQ Tofu (tofu, corn starch, coriander, crushed red pepper, sea salt, smoked paprika,  dried oregano, canola oil, barbecue sauce [crushed tomato, molasses, dijon mustard, apple cider vinegar, garlic oil {garlic, sunflower oil}, onion powder, garlic powder, black pepper, sweet pimenton, sea salt]), spicy dill pickle spear ",Y,Y,N,N,N,N,N,N,Y,N,N,N,Y,Y,
DIG Inn,,,homestyle herb chicken,1,Regular,4,Chef's Specials,,"Mashed potatoes (Yukon gold potatoes, heavy cream, butter, garlic oil [garlic, sunflower oil], sea salt), charred broccoli with lemon (Broccoli, sea salt, garlic oil [garlic, sunflower oil], lemon, Maldon sea salt), chili lime brussels (Brussels sprouts, red onion, sweet chili sauce [ginger, garlic, apple cider vinegar, gochugaru flakes, crushed red pepper, agave, canola oil, sea salt], salt, sugar, canola oil, smoked black pepper, mint, basil, lime juice), herb roasted chicken breast (Chicken breast, Herb Marinade [canola oil, garlic, parsley, rosemary, oregano, thyme, coriander, paprika, sea salt]), poultry gravy (Turkey Stock [water, turkey stock, natural flavor, salt, yeast extract, sugar, and turkey fat], Wheat Starch, Corn Starch, Chicken Fat, [chicken fat, rosemary], spice, sea salt, granulated sugar, caramel color, onion powder, carrot powder [carrot, rice hull], nisin, rosemary oil [rosemary, sunflower oil], smoked black pepper, sea salt)",Y,,N,N,N,N,N,Y,N,N,N,N,N,N,
DIG Inn,,,spicy salmon and veg bowl,1,Regular,4,Chef's Specials,,"Seared Wild Salmon (Wild Alaskan salmon, seasoning blend [sea salt, black pepper, paprika, dried oregano, garlic powder, mustard powder, granulated sugar], canola oil), Herb Rice (Brown rice [brown rice, water, sea salt, bay leaf], cilantro puree [cilantro, parsley, garlic oil {sunflower oil, garlic}, sea salt]), Farm Greens (Mesclun greens, green cabbage, mint), Roasted Sweet Potatoes (Sweet potato, sweet potato marinade [canola oil, sea salt, black pepper], Rosemary Oil [Sunflower Oil, Rosemary], extra virgin olive oil, Maldon sea salt), Charred Broccoli with Lemon (Broccoli, sea salt, garlic oil [garlic, sunflower oil], lemon, Maldon sea salt), Garlic Aioli (tofu, garlic, cayenne, sea salt, mustard powder, apple cider vinegar, canola oil, extra virgin olive oil), Sriracha (canola oil, Fresno pepper, sea salt, agave nectar, tomato paste, apple cider vinegar, garlic, water) ",N,N,N,N,Y,N,N,N,Y,N,N,N,Y,Y,
DIG Inn,,,sweet chili salmon plate,1,Regular,4,Chef's Specials,,"Brown rice (Classic Brown Rice [brown rice, water, sea salt, bay leaf], thyme oil [Sunflower Oil, thyme], apple cider vinegar, lime juice, Maldon sea salt, parsley), charred broccoli with lemon (broccoli, sea salt, Garlic Oil [garlic, sunflower oil]), sweet chili sauce (ginger, garlic, apple cider vinegar, gochugaru flakes, crushed red pepper, agave, canola oil, sea salt), seared wild salmon (Wild Alaskan salmon, seasoning blend [sea salt, black pepper, paprika, dried oregano, garlic powder, mustard powder, granulated sugar], canola oil), avocado (extra virgin olive oil, Maldon sea salt)",N,,N,N,Y,N,N,N,N,N,N,N,Y,Y,
DIG Inn,,,sweet chili tofu plate,1,Regular,4,Chef's Specials,,"Brown rice (Classic Brown Rice [brown rice, water, sea salt, bay leaf], thyme oil [Sunflower Oil, thyme], apple cider vinegar, lime juice, Maldon sea salt, parsley), charred broccoli with lemon (broccoli, sea salt, Garlic Oil [garlic, sunflower oil]), sweet chili sauce (ginger, garlic, apple cider vinegar, gochugaru flakes, crushed red pepper, agave, canola oil, sea salt), Crispy Baked Tofu (Corn Starch, Coriander, Crushed Red Pepper, Sea Salt, Smoked Paprika, Oregano)",N,,N,N,N,N,N,N,Y,N,Y,Y,Y,Y,
DIG Inn,,,steak and potatoes plate ,1,Regular,4,Chef's Specials,,"Mashed potatoes (yukon gold potatoes, heavy cream, butter, garlic oil [garlic, sunflower oil], sea salt), chili lime brussels (Brussels sprouts, red onion, sweet chili sauce [ginger, garlic, apple cider vinegar, gochugaru flakes, crushed red pepper, agave, canola oil, sea salt], salt, sugar, canola oil, smoked black pepper, mint, basil, lime juice), grilled sirloin steak (sirloin steak, sea salt, black pepper, smoked paprika, canola oil), grilled onion relish (red onion, balsamic vinegar, powdered sugar, garlic oil, sea salt, smoked black pepper)",Y,,N,N,N,N,N,N,N,N,N,N,Y,N,
DIG Inn,,,kale caesar salad,1,Regular,5,Dig Greens,,"Kale Caesar (Green kale, Tuscan kale, green cabbage, Cashew Caesar dressing (lemon juice, cashews, coconut aminos, garlic, dijon mustard, sea salt, black pepper, red wine vinegar, canola oil, water), Candied Cashew (cashew, maple syrup, sea salt, sugar, canola oil, cayenne pepper, Chinese f ive spice, black pepper), chili flake, lemon juice, Maldon sea salt.), Tomatoes & Cucumbers (Persian Cucumbers and Heirloom Cherry Tomatoes, Pickled Red Onions (cider vinegar, water, sea salt, sugar, Peppadew Peppers, Vinegar), Mint, Parsley, black pepper, Maldon sea salt.), Avocado, Maldon Sea Salt, Olive Oil, Seasoned Breadcrumb (panko breadcrumb, garlic oil [garlic, sunflower oil], onion powder, sea salt, smoked sweet paprika, black pepper) ",N,N,N,N,N,Y,N,Y,N,N,Y,Y,N,Y,
DIG Inn,,,avo grain bowl ,1,Regular,5,Dig Greens,,"Farm Greens w/ Mint (mesclun greens, green cabbage, mint), Farro (farro [water, sea salt, bay leaf, dried oregano, rosemary, basil], gremolata [rosemary, marjoram, parsley, garlic, sea salt, canola oil, extra virgin olive oil], celery, parsley, lemon juice, black pepper), Tomatoes & Cucumbers (Persian Cucumbers and Heirloom Cherry Tomatoes, Pickled Red Onions (cider vinegar, water, sea salt, sugar, Peppadew Peppers, Vinegar), Mint, Parsley, black pepper, Maldon sea salt.), Sheet Tray Carrots (Coriander spiced carrot [carrot, canola oil, coriander, sea salt, chili flake], Gremolata Pesto [Marjoram, Parsley, rosemary, garlic, canola oil, extra virgin olive oil, sea salt], lemon, Maldon sea   salt), Avocado (Maldon Sea Salt, Olive Oil) Balsamic Vinaigrette (Balsamic Vinegar, Canola Oil, mustard, agave, shallot, garlic, rosemary) ",N,N,N,N,N,N,N,Y,N,N,Y,Y,N,Y,
DIG Inn,,,kale apple crunch,1,Regular,5,Dig Greens,,"Kale tuscan chopped, apple, lemon, dried cranberries, romaine lettuce, Jasper Hill shredded cheese, balsamic vinaigrette (balsamic vinegar, shallot, agave, sea salt, canola oil, dijon mustard, rosemary, garlic), roasted pumpkin seed (pumpkin seed, sea salt, canola oil), maldon sea salt.",Y,,N,N,N,N,N,N,N,N,N,Y,Y,Y,
DIG Inn,,,kale caesar salad with crispy chicken,1,Regular,5,Dig Greens,,"Kale Caesar (Green kale, Tuscan kale, green cabbage, Cashew Caesar dressing (lemon juice, cashews, coconut aminos, garlic, dijon mustard, sea salt, black pepper, red wine vinegar, canola oil, water), Candied Cashew (cashew, maple syrup, sea salt, sugar, canola oil, cayenne pepper, Chinese f ive spice, black pepper), chili flake, lemon juice, Maldon sea salt.), Tomatoes & Cucumbers (Persian Cucumbers and Heirloom Cherry Tomatoes, Pickled Red Onions (cider vinegar, water, sea salt, sugar, Peppadew Peppers, Vinegar), Mint, Parsley, black pepper, Maldon sea salt.), Avocado, Maldon Sea Salt, Olive Oil, Seasoned Breadcrumb (panko breadcrumb, garlic oil [garlic, sunflower oil], onion powder, sea salt, smoked sweet paprika, black pepper), Crispy Chicken (Charred Chicken, Skinless chicken thigh, Herb Marinade [canola oil, garlic, parsley, rosemary, oregano, thyme, coriander, paprika, sea salt], Buttermilk, Cornflakes, AP Flour, baking soda, baking powder.  ",Y,Y,N,N,N,Y,N,Y,N,N,N,N,N,N,
DIG Inn,,,Avo grain bowl with cripsy tofu,1,Regular,5,Dig Greens,,"Farm Greens w/ Mint (Romaine lettuce, mesclun, mint), Farro (Farro (Farro, sea salt, bay leaf, allspice, cinnamon stick, candied orange peel, carrot, canola oil), olive oil, parsley, celery, maldon salt), Tomatoes & Cucumbers (Persian Cucumbers and Heirloom Cherry Tomatoes, Pickled Red Onions (cider vinegar, water, sea salt, sugar, Peppadew Peppers, Vinegar), Mint, Parsley, black pepper, Maldon sea salt.), Carrots (Coriander spiced carrot (carrot, canola oil, coriander, sea salt, chili flake), Gremolata Pesto (Marjoram, Parsley, garlic, canola oil, Maldon, sea salt, black pepper), lemon, Maldon sea   salt. ), Avocado, Maldon Sea Salt, Olive Oil, Balsamic Vinaigrette (Balsamic Vinegar Canola Oil, mustard, agave, shallot, garlic, rosemary.), Crispy Tofu (Tofu (Corn Starch, Coriander, Crushed Red Pepper, Sea Salt, Smoked Paprika, dried Oregano) ",N,N,N,N,N,N,N,Y,Y,N,Y,Y,N,Y,
DIG Inn,,,kale apple crunch with seared salmon,1,Regular,5,Dig Greens,,"Kale tuscan chopped, apple, lemon, dried cranberries, romaine lettuce, jasper hill cheese, balsamic vinaigrette (balsamic vinegar, shallot, agave, sea salt, canola oil, dijon mustard, rosemary, garlic), roasted pumpkin seed (pumpkin seed, sea salt, canola oil), maldon sea salt, Wild Alaskan salmon, seasoning blend (sea salt, black pepper, paprika, dried oregano, garlic powder, mustard powder, granulated sugar), canola oil.",Y,,N,N,Y,N,N,N,N,N,N,N,Y,Y,
DIG Inn,,,kale caesar salad with chargrilled steak,1,Regular,5,Dig Greens,,"Kale Caesar (Green kale, Tuscan kale, Cashew Caesar dressing (lemon juice, cashews, coconut aminos, garlic, dijon mustard, sea salt, black pepper, red wine vinegar, canola oil, water), Candied Cashew (cashew, maple syrup, sea salt, sugar, canola oil, cayenne pepper, Chinese five spice, black pepper), chili flake, Romaine lettuce, lemon juice, Maldon sea salt.), Tomatoes & Cucumbers (Persian Cucumbers and Heirloom Cherry Tomatoes, Pickled Red Onions (cider vinegar, water, sea salt, sugar, Peppadew Peppers, Vinegar), Mint, Parsley, black pepper, Maldon sea salt.), Avocado, Maldon Sea Salt, Olive Oil, Seasoned Breadcrumb (panko breadcrumb, garlic oil [garlic, sunflower oil], onion powder, sea salt, smoked sweet paprika, black pepper), grilled sirloin steak (Sirloin steak, sea salt, black pepper, smoked paprika, canola oil)",N,,N,N,N,Y,N,Y,N,N,N,N,N,N,
DIG Inn,,,Garlic Aioli ,1,Regular,6,Sauces & Dressings,,"Silken tofu, garlic, cayenne, sea salt, mustard powder, apple cider vinegar, canola oil, extra virgin olive oil ",N,N,N,N,N,N,N,N,Y,N,Y,Y,Y,N,
DIG Inn,,,Pesto,1,Regular,6,Sauces & Dressings,,"Garlic, caper, shallot, mustard, garlic, champagne vinegar, sea salt, black pepper, canola oil, extra virgin olive oil, basil, parsley ",N,N,N,N,N,N,N,N,N,N,Y,Y,Y,Y,
DIG Inn,,,Sriracha ,1,Regular,6,Sauces & Dressings,,"Canola oil, Fresno pepper, sea salt, agave, tomato paste, apple cider vinegar, garlic, water ",N,N,N,N,N,N,N,N,N,N,Y,Y,Y,Y,
DIG Inn,,,rosemary vinaigrette ,1,Regular,6,Sauces & Dressings,,"Rosemary, garlic, shallot, red wine vinegar, sea salt, canola oil, extra virgin olive oil, water.",N,,N,N,N,N,N,N,N,N,Y,Y,Y,Y,
DIG Inn,,,Maple Hot Honey,1,Regular,6,Sauces & Dressings,,"Sriracha (Canola oil, Fresno pepper, sea salt, agave, tomato paste, apple cider vinegar, garlic, water), Honey, Maple Syrup.  ",N,N,N,N,N,N,N,N,N,N,Y,Y,Y,Y,
DIG Inn,,,Cashew Caesar Dressing,1,Regular,6,Sauces & Dressings,,"Lemon juice, cashews, coconut aminos, garlic, dijon mustard, sea salt, black pepper, red wine vinegar, canola oil, water ",N,N,N,N,N,Y,N,N,N,N,Y,Y,Y,Y,
DIG Inn,,,Balsamic Vinaigrette ,1,Regular,6,Sauces & Dressings,,"Balsamic Vinegar Canola Oil, mustard, agave, shallot, garlic, rosemary. ",N,N,N,N,N,N,N,N,N,N,Y,Y,Y,Y,
DIG Inn,,,Nashville Hot Sauce,1,Regular,6,Sauces & Dressings,,"Chili powder, maple syrup, crushed red pepper, smoked black pepper, paprika, canola oil, shallot, garlic, cayenne, sea salt ",N,N,N,N,N,N,N,N,N,N,Y,Y,Y,Y,
DIG Inn,,,vegan ranch,1,Regular,6,Sauces & Dressings,,"Vegan Mayonnaise, Garlic Powder, Onion Powder, Black Pepper, White Vinegar.",N,,N,N,N,N,N,N,Y,N,Y,Y,Y,Y,
DIG Inn,,,BBQ Sauce,1,Regular,6,Sauces & Dressings,,"Crushed tomato, molasses, dijon mustard, apple cider vinegar, garlic oil {garlic, sunflower oil}, onion powder, garlic powder, black pepper, sweet pimenton, sea salt ",N,N,N,N,N,N,N,N,N,N,Y,Y,Y,Y,
DIG Inn,,,gravy,1,Regular,6,Sauces & Dressings,,"Turkey Stock (water, turkey stock, natural flavor, salt, yeast extract, sugar, and turkey fat), Wheat Starch, Corn Starch, Chicken Fat, (chicken fat, rosemary), spice, sea salt, granulated sugar, caramel color, onion powder, carrot powder (carrot, rice hull), nisin, rosemary oil (rosemary, sunflower oil), smoked black pepper, sea salt)",N,,N,N,N,N,N,Y,N,N,N,Y,N,Y,
DIG Inn,,,Iced Lemon Cake,1,Regular,7,Desserts,,"Bread flour, butter, buttermilk, lemon juice, sugar, baking powder, baking soda, sea salt, lemon zest, egg, powdered sugar ",Y,Y,Y,N,N,N,N,Y,N,N,N,Y,N,Y,
DIG Inn,,,Flourless Brownie ,1,Regular,7,Desserts,,"Dark chocolate, sugar, free-range egg, sweet potato puree (sweet potato, canola oil, extra virgin olive oil, black pepper, paprika, sea salt), vanilla extract, sea salt, baking soda, baking powder, Maldon sea salt. ",N,N,Y,N,N,N,N,N,Y,N,N,Y,Y,Y,
DIG Inn,,,Chocolate Chip Cookie,1,Regular,7,Desserts,,"Flour, butter, Milk, Sugar, Brown Sugar, Dark Chocolate, Vanilla, Sea Salt ",Y,Y,Y,N,N,N,N,Y,Y,N,N,Y,N,Y,
SweetGreen,,,Chicken Pesto Parm,1,Regular,3,Bowls,,"Roasted chicken, spicy broccoli, tomatoes, shaved parmesan, Za'Tr Breadcrumbs, herbed quinoa, baby spinach, sweetgreen hot sauce, pesto vinaigrette",Y,,N,N,N,N,N,Y,Y,Y,,,,,
SweetGreen,,,Crispy Rice Bowl,1,Regular,3,Bowls,,"Blackened Chicken, raw carrots, shredded cabbage, cucumbers, cilantro, roasted almonds, cripsy rice, wild rice, arugula, lime squeeze, spicy cashew",N,,N,N,N,Y,N,N,N,Y,,,,,
SweetGreen,,,Harvest Bowl,1,Regular,3,Bowls,,"Roasted chicken, roasted sweet potatoes, apples, goat cheese, roasted almonds, wild rice, shredded kale, balsamic vinaigrette",Y,,N,N,N,Y,N,N,N,N,,,,,
SweetGreen,,,Shroomami,1,Regular,3,Bowls,,"Roasted tofu, warm portobello mix, cucumbers, basil, shredded cabbage, roasted almonds, wild rice, shredded kale, miso sesame ginger",N,,N,N,N,Y,N,N,Y,Y,,,,,
SweetGreen,,,Steakhouse Chopped,1,Regular,3,Bowls,,"Caramelized garlic steak, shredded cabbage, tomatoes, cripsy onions, blue cheese, herbed quinoa, chopped romaine, green goddess ranch",Y,,Y,N,N,N,N,Y,N,N,,,,,
SweetGreen,,,Caramelized Garlic Steak,1,Regular,2,Protein Plates,,"Caramelized garlic steak, spicy broccoli, tomatoes, warm roasted sweet potatoes, wild rice (x2), pesto vinaigrette",N,,N,N,N,N,N,N,N,N,,,,,
SweetGreen,,,Hot Honey Chicken,1,Regular,2,Protein Plates,,"Blackened chicken, warm roasted sweet potatoes, veg slaw, crispy onions, herbed quinoa, hot honey mustard sauce",N,,Y,N,N,N,N,Y,N,N,,,,,
SweetGreen,,,Miso Glazed Salmon,1,Regular,2,Protein Plates,,"Miso glazed salmon, avocado, cucumbers, pickled onions, crispy onions, white rice, nori sesame seasoning, spicy cashew",N,,N,N,Y,Y,N,Y,Y,Y,,,,,
SweetGreen,,,Chicken Avocado Ranch,1,Regular,3,Bowls,,"Blackened chicken, avocado, pickled onions, apples, tortilla chips, white rice, chopped romaine, green goddess ranch",Y,,Y,N,N,N,N,N,Y,N,,,,,
SweetGreen,,,Fish Taco (Online Only),1,Regular,3,Bowls,,"Miso glazed salmon, avocado, shredded cabbage, cilantro, tortilla chips, herbed quinoa, spring mix, sweetgreen hot sauce, lime cilantro jalapeño vinaigrette",N,,N,N,Y,N,N,N,Y,N,,,,,
SweetGreen,,,Kale Caesar,1,Regular,4,Salads,,"Roasted chicken, tomatoes, parmesan crisps, shaved parmesan, shredded kale, chopped romaine, lime squeeze, caesar",Y,,Y,N,Y,N,N,N,N,N,,,,,
SweetGreen,,,Guacamole Greens,1,Regular,4,Salads,,"Roasted chicken, avocado, tomatoes, pickled onions, shredded cabbage, tortilla chips, spring mix, chopped romaine, lime squeeze, lime cilantro jalapeño vinaigrette",N,,N,N,N,N,N,N,Y,N,,,,,
SweetGreen,,,Super Green Goddess (Online Only),1,Regular,4,Salads,,"Chickpeas, roasted sweet potatoes, raw carrots, spicy broccoli, shredded cabbage, roasted almonds, baby spinach, shredded kale, green goddess ranch",Y,,Y,N,N,Y,N,N,N,N,,,,,
SweetGreen,,,BBQ Chicken Salad,1,Regular,4,Salads,,"Blackened chicken, shredded cabbage, pickled onions, tomatoes, apples, tortilla chips, chopped romaine, shredded kale, honey BBQ sauce, green goddess ranch",Y,,Y,N,N,N,N,N,Y,N,,,,,
SweetGreen,,,Hummus Crunch,1,Regular,4,Salads,,"Hummus, chickpeas, tomatoes, cucumbers, shredded cabbage, spicy banana peppers, basil, za’atar breadcrumbs, chopped romaine, shredded kale, pesto vinaigrette",N,,N,N,N,N,N,Y,Y,Y,,,,,
SweetGreen,,,Buffalo Chicken (Online Only),1,Regular,4,Salads,,"Blackened chicken, pickled onions, tomatoes, raw carrots, cilantro, blue cheese, za’atar breadcrumbs, shredded kale, chopped romaine, sweetgreen hot sauce, caesar",Y,,Y,Y,N,N,N,Y,Y,Y,,,,,
SweetGreen,,,Garden Cobb (Online Only),1,Regular,4,Salads,,"Avocado, hard boiled egg, roasted sweet potatoes, tomatoes, blue cheese, roasted almonds, spring mix, chopped romaine, balsamic vinaigrette",Y,,Y,N,N,Y,N,N,N,N,,,,,
SweetGreen,,,Kale Caesar (Steak),1,Regular,4,Salads,,"Caramelized garlic steak, tomatoes, parmesan crisps, shaved parmesan, chopped romaine, shredded kale, caesar, lime squeeze",Y,,Y,N,Y,N,N,N,N,N,,,,,
SweetGreen,,,Ranchy Chicken + Rice,1,Regular,5,Kids Meals,,"Roasted chicken, cucumbers, parmesan crisps, wild rice, green goddess ranch *Select sg restaurants only.",Y,,Y,N,N,N,N,N,N,N,,,,,
SweetGreen,,,Little Harvest ,1,Regular,5,Kids Meals,,"Roasted chicken, warm roasted sweet potatoes, apples, balsamic vinaigrette",N,,N,N,N,N,N,N,N,N,,,,,
SweetGreen,,,Mini Mezze,1,Regular,5,Kids Meals,,"Roasted chicken, cucumbers, hummus, tortilla chips",N,,N,N,N,N,N,N,Y,Y,,,,,
SweetGreen,,,Honest Kids Apple Juice,1,Regular,5,Kids Meals,,Organic juice with no added sugar or artificial sweeteners.,N,,N,N,N,N,N,N,N,N,,,,,
SweetGreen,,,Rosemary Focaccia ,1,Regular,6,Sides,,Locally-made rosemary focaccia,N,,N,N,N,N,N,Y,N,N,,,,,
SweetGreen,,,SG X Siete: Green Goddess Ranch Potato Chips,1,Regular,6,Sides,,Meet the match that marries Sweetgreen flavor with a Siete potato chip.,N,,N,N,N,N,N,N,N,N,,,,,
SweetGreen,,,Siete Sea Salt Potato Chips,1,Regular,6,Sides,,"Crafted with the best kind of basics: potatoes, avocado oil and sea salt.",N,,N,N,N,N,N,N,N,N,,,,,
SweetGreen,,,Hummus + Focaccia,1,Regular,6,Sides,,Locally baked rosemary focaccia breadsticks paired with smooth hummus,N,,N,N,N,N,N,Y,N,Y,,,,,
SweetGreen,,,Roasted Sweet Potatoes + Hot Honey Mustard,1,Regular,6,Sides,,Warm roasted sweet potatoes served Hot Honey Mustard ,N,,N,N,N,N,N,N,N,N,,,,,
SweetGreen,,,Roasted Sweet Potatoes + Green Goddess Ranch,1,Regular,6,Sides,,Warm roasted sweet potatoes served with Green Goddess Ranch,Y,,Y,N,N,N,N,N,N,N,,,,,
SweetGreen,,,Hu Salty Dark Chocolate Bar,1,Regular,7,Dessert,,Organic dark chocolate with a pinch of sea salt and no refined sugar.,N,,N,N,N,Y,N,N,N,N,,,,,
SweetGreen,,,Hu Cashews + Vanilla Bean Hunks,1,Regular,7,Dessert,,Organic snackable dark chocolate covered cashews with a pinch of sea salt and no refined sugar.,N,,N,N,N,Y,N,N,N,N,,,,,
SweetGreen,,,Crispy Rice Treat,1,Regular,7,Dessert,,"Crispy organic brown rice, quinoa, and puffed millet—naturally sweetened with honey date caramel and just 6g of sugar.",Y,,N,N,N,Y,N,N,N,N,,,,,
SweetGreen,,,Still Water,1,Regular,8,Drinks,,In An Eco-friendly Aluminum Bottle For Plastic Free Oceans,N,,N,N,N,N,N,N,N,N,,,,,
SweetGreen,,,OLIPOP Lemon Lime Soda,1,Regular,8,Drinks,,"Like a sweet slice of key lime pie with a fresh squeeze of lemon, this new twist on a classic flavor has only 4g of sugar.",N,,N,N,N,N,N,N,N,N,,,,,
SweetGreen,,,OLIPOP Vintage Cola,1,Regular,8,Drinks,,"Notes of vanilla, cinnamon and caramel create a classic old-fashioned flavor made with plant-based, natural ingredients and just 2g of sugar.",N,,N,N,N,N,N,N,N,N,,,,,
SweetGreen,,,Spindrift Raspberry Lime,1,Regular,8,Drinks,,Bubbly seltzer water with a raspberry lime kick,N,,N,N,N,N,N,N,N,N,,,,,
SweetGreen,,,Harney + Sons Organic Lemonade ,1,Regular,8,Drinks,,Sweeten the meal with organic lemons + organic maple syrup,N,,N,N,N,N,N,N,N,N,,,,,
SweetGreen,,,Spindrift Grapefruit,1,Regular,8,Drinks,,Bubbly seltzer water with a hit of zesty grapefruit,N,,N,N,N,N,N,N,N,N,,,,,
SweetGreen,,,Health-Ade Passionfruit Tangerine,1,Regular,8,Drinks,,"A fruity, tangy drink that’s great for the gut (11g sugar)",N,,N,N,N,N,N,N,N,N,,,,,
SweetGreen,,,Organic Jasmine Green Tea,1,Regular,8,Drinks,,"Antioxidant rich, with organic soba and wild grown yaupon",N,,N,N,N,N,N,N,N,N,,,,,
SweetGreen,,,Health-Ade Pink Lady Apple,1,Regular,8,Drinks,,Effervescent probiotic tea brewed with a hint of apple cider (12g sugar),N,,N,N,N,N,N,N,N,N,,,,,
SweetGreen,,,Sparkling Water,1,Regular,8,Drinks,,In An Eco-friendly Aluminum Bottle For Plastic Free Oceans,N,,N,N,N,N,N,N,N,N,,,,,
SweetGreen,,,Organic Hibiscus Berry Tea,1,Regular,8,Drinks,,Refreshing crimson clover tea brightened with tangy hibiscus,N,,N,N,N,N,N,N,N,N,,,,,
SweetGreen,,,Ripple Fries + Pickle Ketchup ,1,Regular,1,Featured,,"Freshly cut potatoes, air-fried in avocado oil and seasoned with sea salt + herbs",N,,N,N,N,N,N,N,N,N,,,,,
SweetGreen,,,Ripple Fries + Garlic Aioli,1,Regular,1,Featured,,"Freshly cut potatoes, air-fried in avocado oil and seasoned with sea salt + herbs",N,,Y,N,N,N,N,N,N,N,,,,,
SweetGreen,,,Arugula ,2,Create Your Own,1,Bases,,,N,,N,N,N,N,N,N,N,N,,,,,
SweetGreen,,,Baby Spinach,2,Create Your Own,1,Bases,,,N,,N,N,N,N,N,N,N,N,,,,,
SweetGreen,,,Chopped Romaine,2,Create Your Own,1,Bases,,,N,,N,N,N,N,N,N,N,N,,,,,
SweetGreen,,,Herbed Quinoa,2,Create Your Own,1,Bases,,"White Quinoa, Water, Umami Seasoning, Extra Virgin Olive Oil, White Wine Vinegar, Fried Parsley",N,,N,N,N,N,N,N,N,N,,,,,
SweetGreen,,,Shredded Kale,2,Create Your Own,1,Bases,,,N,,N,N,N,N,N,N,N,N,,,,,
SweetGreen,,,Spring Mix,2,Create Your Own,1,Bases,,,N,,N,N,N,N,N,N,N,N,,,,,
SweetGreen,,,White Rice,2,Create Your Own,1,Bases,,"White Rice, Salt, Water, Extra Virgin Olive Oil, White Wine Vinegar",N,,N,N,N,N,N,N,N,N,,,,,
SweetGreen,,,Wild Rice,2,Create Your Own,1,Bases,,"Wild Rice Blend, Water, Extra Virgin Olive Oil, White Wine Vinegar, Kosher Salt",N,,N,N,N,N,N,N,N,N,,,,,
SweetGreen,,,Apples,2,Create Your Own,2,Toppings,,,N,,N,N,N,N,N,N,N,N,,,,,
SweetGreen,,,Basil,2,Create Your Own,2,Toppings,,,N,,N,N,N,N,N,N,N,N,,,,,
SweetGreen,,,Chickpeas,2,Create Your Own,2,Toppings,,"Chickpeas, Umami Seasoning",N,,N,N,N,N,N,N,N,N,,,,,
SweetGreen,,,Cilantro,2,Create Your Own,2,Toppings,,,N,,N,N,N,N,N,N,N,N,,,,,
SweetGreen,,,Crispy Onions,2,Create Your Own,2,Toppings,,"Onion, Sunflower Oil, Palm Oil, Wheat Flour, Salt",N,,N,N,N,N,N,Y,N,N,,,,,
SweetGreen,,,Crispy Rice,2,Create Your Own,2,Toppings,,"Crisp Rice, Crisp Sorghum, Garlic Powder, Chili Powder, Apple Sauce, Umami Seasoning, Canola Oil, Ascorbic Acid, Citric Acid",N,,N,N,N,Y,N,N,N,N,,,,,
SweetGreen,,,Cucumbers,2,Create Your Own,2,Toppings,,,N,,N,N,N,N,N,N,N,N,,,,,
SweetGreen,,,Nori Sesame Seasoning,2,Create Your Own,2,Toppings,,"Toasted Sesame Seeds, White Sesame Seeds, Black Sesame Seeds, Seaweed, Sugar, Yeast Extract, Salt, Nori",N,,N,N,N,N,N,N,N,Y,,,,,
SweetGreen,,,Pickled Onions,2,Create Your Own,2,Toppings,,"Red Onions, Kosher Salt, maple Syrup, White Wine Vinegar, Water",N,,N,N,N,N,N,N,N,N,,,,,
SweetGreen,,,Raw Carrots,2,Create Your Own,2,Toppings,,,N,,N,N,N,N,N,N,N,N,,,,,
SweetGreen,,,Roasted Almonds,2,Create Your Own,2,Toppings,,,N,,N,N,N,Y,N,N,N,N,,,,,
SweetGreen,,,Roasted Sweet Potatoes,2,Create Your Own,2,Toppings,,"Sweet Potato, umami Seasoning, Extra Virgin Olive Oil",N,,N,N,N,N,N,N,N,N,,,,,
SweetGreen,,,Shredded Cabbage ,2,Create Your Own,2,Toppings,,,N,,N,N,N,N,N,N,N,N,,,,,
SweetGreen,,,Spicy Banana Peppers,2,Create Your Own,2,Toppings,,"Bana Peppers, Vinegar, Water, Salt (some locations might have Tumeric)",N,,N,N,N,N,N,N,N,N,,,,,
SweetGreen,,,Spicy Broccoli ,2,Create Your Own,2,Toppings,,"Broccoli, Extra Virgin Olive Oil, Umami Seasoning, Crushed Red Pepper",N,,N,N,N,N,N,N,N,N,,,,,
SweetGreen,,,Tomatoes,2,Create Your Own,2,Toppings,,,N,,N,N,N,N,N,N,N,N,,,,,
SweetGreen,,,Tortilla Chips,2,Create Your Own,2,Toppings,,"Organic Yellow Corn, Canola Oil, Sea Salt (MAY CONTAIN lime, safflower oil, soybean oil, sunflower oil, cottonseed oil, rice bran)",N,,N,N,N,N,N,N,Y,N,,,,,
SweetGreen,,,Za'atar Breadcrumbs,2,Create Your Own,2,Toppings,,"Whole Wheat Bread, Focaccia Bread, Extra Virgin Olive Oil, Umami Seasoning, Oregano, Thyme, Sesame Seeds, Sumac, Hyssop, Salt, Soybean Oil",N,,N,N,N,N,N,Y,Y,Y,,,,,
SweetGreen,,,Caramelized Garlic Steak,2,Create Your Own,3,Premiums,,"Steak, Dried Parsley, Extra Virgin Olive Oil, Caramelized Garlic, Seasoning: Kosher Salt, Nuritional Yeast, Granulated Garlic, Granulated Onion",N,,N,N,N,N,N,N,N,N,,,,,
SweetGreen,,,Miso Glazed Salmon,2,Create Your Own,3,Premiums,,"Salmon, tamari, Maple Syrup, Miso Paste",N,,N,N,Y,N,N,N,Y,N,,,,,
SweetGreen,,,Blackened Chicken,2,Create Your Own,3,Premiums,,Chicken Leg/Thigh,N,,N,N,N,N,N,N,N,N,,,,,
SweetGreen,,,Herb Roasted Chicken,2,Create Your Own,3,Premiums,,"Chicken Tenders, Umami Seasoning, Extra Virgin Olive Oil, Parsley",N,,N,N,N,N,N,N,N,N,,,,,
SweetGreen,,,Roasted Tofu,2,Create Your Own,3,Premiums,,,N,,N,N,N,N,N,N,Y,N,,,,,
SweetGreen,,,Avocado,2,Create Your Own,3,Premiums,,,N,,N,N,N,N,N,N,N,N,,,,,
SweetGreen,,,Warm Portobello Mix,2,Create Your Own,3,Premiums,,"Portobello Mushrooms, Button Mushrooms, Extra Virgin Olive Oil, Umami Seasoning",N,,N,N,N,N,N,N,N,N,,,,,
SweetGreen,,,Warm Roasted Sweet Potatoes,2,Create Your Own,3,Premiums,,"Sweet Potatoes, Umami Seasoning, Extra Virgin Olive Oil",N,,N,N,N,N,N,N,N,N,,,,,
SweetGreen,,,Hummus ,2,Create Your Own,3,Premiums,,"Chickpeas, tahini, Lemon Juice, garlic, Extra Virgin Olive Oil, Canola Oil, Natural Flavors, ",N,,N,N,N,N,N,N,N,Y,,,,,
SweetGreen,,,Blue Cheese,2,Create Your Own,3,Premiums,,,Y,,N,N,N,N,N,N,N,N,,,,,
SweetGreen,,,Goat Cheese,2,Create Your Own,3,Premiums,,,Y,,N,N,N,N,N,N,N,N,,,,,
SweetGreen,,,Hard Boiled Egg,2,Create Your Own,3,Premiums,,,N,,Y,N,N,N,N,N,N,N,,,,,
SweetGreen,,,Parmesan Crisps,2,Create Your Own,3,Premiums,,"Pasteurized Skim Cow's Milk, Cheese Cultures, Rennet Salt, Cracked Black Pepper",Y,,N,N,N,N,N,N,N,N,,,,,
SweetGreen,,,Shaved pamesan,2,Create Your Own,3,Premiums,,,Y,,N,N,N,N,N,N,N,N,,,,,
SweetGreen,,,Veg Slaw,2,Create Your Own,3,Premiums,,"Cabbage, Carrots, mayonnaise (contains avocado oil), Hot Honey Mustard Sauce, Apple Cider Vinegar, Lime Juice, Dijon Mustard, Umami Seasoning, Dried Parsley",N,,Y,N,N,N,N,N,N,N,,,,,
SweetGreen,,,Balsamic Vinaigrette ,2,Create Your Own,4,Dressings,,"Sunflower Oil, Balsamic Vinegar, Honey, Dijon Mustard, Salt, Cracked Black Pepper",N,,N,N,N,N,N,N,N,N,,,,,
SweetGreen,,,Balsamic Vinegar ,2,Create Your Own,4,Dressings,,,N,,N,N,N,N,N,N,N,N,,,,,
SweetGreen,,,Casear,2,Create Your Own,4,Dressings,,"Yogurt, Water, Lemon Juice, Anchovies, Parmesan Cheese, Egg Yolk, Apple Cider Vinegar, Citrus Flour, Distilled Vinegar, Rosemary Extract, Garlic, Salt, Mustard Flour, Black Pepper",Y,,Y,N,Y,N,N,N,N,N,,,,,
SweetGreen,,,Crushed Red Pepper,2,Create Your Own,4,Dressings,,,N,,N,N,N,N,N,N,N,N,,,,,
SweetGreen,,,Extra Virgin Oilve Oil,2,Create Your Own,4,Dressings,,,N,,N,N,N,N,N,N,N,N,,,,,
SweetGreen,,,Green Goddess Ranch,2,Create Your Own,4,Dressings,,"Mayonnaise (Contains Avocado Oil)), Plain Yogurt, Dill, Red Onion, Basil, Cilantro, Spinach, Lemon Juice, White Wine Vinegar, Sweetgreen Hot Sauce, Salt, Garlic, Cracked Black Pepper",Y,,Y,N,N,N,N,N,N,N,,,,,
SweetGreen,,,Honey BBQ Sauce,2,Create Your Own,4,Dressings,,"Tomato Concentrate, Date Syrup, Water, Honey, Honey, Yellow Mustard, Distilled Vinegar, Natural Hickory Smoke, Salt, Caramel Color, Apple Juice Concentrate, Onion Powder, Garlic Powder, Allspice, Paprika, Black Pepper, Lime Juice Concentrate, Tamarind Concentrate, Organic Ketchup Blend, Cayenne Pepper",N,,N,N,N,N,N,N,N,N,,,,,
SweetGreen,,,Hot Honey Mustard Sauce,2,Create Your Own,4,Dressings,,"Sunflower Oil, Apple Cidar Vinegar, Honey, Dijon Mustard, Umami Seasoning, Crushed Red Pepper",N,,N,N,N,N,N,N,N,N,,,,,
SweetGreen,,,Lemon Squeeze ,2,Create Your Own,4,Dressings,,,N,,N,N,N,N,N,N,N,N,,,,,
SweetGreen,,,Lime Cilantro Jalapeno Vinaigrette,2,Create Your Own,4,Dressings,,"Sunflower Oil, White Miso Paste, Rice Vinegar, Tamari, Ginger, Garlic, Maple Syrup, Water, Umami Seasoning, Sesame Oil",N,,N,N,N,N,N,N,N,N,,,,,
SweetGreen,,,Lime Squeeze ,2,Create Your Own,4,Dressings,,,N,,N,N,N,N,N,N,N,N,,,,,
SweetGreen,,,Miso Sesame Ginger,2,Create Your Own,4,Dressings,,"Sunflower Oil, White Miso Paste, Rice Vinegar, Tamari, Ginger, Garlic, Maple Syrup, Water, Umami Seasoning, Sesame Oil, Crushed Red Pepper",N,,N,N,N,N,N,N,Y,Y,,,,,
SweetGreen,,,Pesto Vinaigrette ,2,Create Your Own,4,Dressings,,"Sunflower Oil, Extra Virgin Olive Oil, Apple Cider Vinegar, Basil, Garlic, Umami Seasoning",N,,N,N,N,N,N,N,N,N,,,,,
SweetGreen,,,Red Wine Vinaigrette ,2,Create Your Own,4,Dressings,,"Red WIne Vinegar, Dijon Mustard, Maple Syrup, Lemon Juice, Salt, Cracked Black Pepper, Extra Virgin Olive Oil, Avocado Oil",N,,N,N,N,N,N,N,N,N,,,,,
SweetGreen,,,Spicy Cashew,2,Create Your Own,4,Dressings,,"Cashews, Sunflower Oil, Maple Syrup, Lime Juice, Water, Rice Vinegar, Cilantro, Garlic, Sesame Oil, Ginger, Umami Seasoning, Crushed Red Pepper",N,,N,N,N,Y,N,N,N,Y,,,,,
SweetGreen,,,Sweetgreen Hot Sauce,2,Create Your Own,4,Dressings,,"Water, Jalepeno Peppers, Red Chili Peppers, Onion, Apple Cider Vinegar, Red Bell Pepper, Carrots, Tomato Paste, Garlic, Nutritional Yeast, Sea Salt, Dried Garlic, Dried Onions, Chipotle Powder, Ascorbic Acid",N,,N,N,N,N,N,N,N,N,,,,,
SweetGreen,,,Umami Seasoning ,2,Create Your Own,4,Dressings,,"Granulated Onion, Granulated Garlic, Paptrika, Cumin Powder, Cayenne Powder, Nutritional Yeast, Kosher Salt",N,,N,N,N,N,N,N,N,N,,,,,
Naya,,,Hummus Dip,1,Regular,1,Cold Appetizer,,,N,,N,N,N,N,N,N,N,Y,Y,Y,,,
Naya,,,Spicy Hummus Dip,1,Regular,1,Cold Appetizer,,,N,,N,N,N,N,N,N,N,Y,N,Y,,,
Naya,,,Baba Ghannouj Dip,1,Regular,1,Cold Appetizer,,,Y,,N,N,N,N,N,N,N,Y,N,Y,,,
Naya,,,Grape Leaves,1,Regular,1,Cold Appetizer,,,N,,N,N,N,N,N,N,N,N,Y,Y,,,
Naya,,,Labne Dip,1,Regular,1,Cold Appetizer,,a soft cheese made from strained yogurt that is a versatile side.,Y,,N,N,N,N,N,N,N,N,N,Y,,,
Naya,,,Cucumber Yogurt Dip,1,Regular,1,Cold Appetizer,,flavored with mint and garlic,Y,,N,N,N,N,N,N,N,N,N,Y,,,
Naya,,,Cabbage Slaw Salad,1,Regular,1,Cold Appetizer,,"Infused with dry mint, lemon and olive oil, this peppery cabbage mix is a great addition to your salad or as a crisp topping.",N,,N,N,N,N,N,N,N,N,Y,Y,,,
Naya,,,Toum (garlic whip),1,Regular,1,Cold Appetizer,,,N,,N,N,N,N,N,N,N,N,Y,Y,,,
Naya,,,Tabboule ,1,Regular,1,Cold Appetizer,,"mix of parsley, mint, bulgur and tomatoes. It’s dressed with lemon and olive oil for a light, nutritious side.",N,,N,N,N,N,N,Y,N,N,Y,Y,,,
Naya,,,Falafel,1,Regular,2,Hot Appetizer,,,N,,N,N,N,N,N,N,N,N,Y,Y,,,
Naya,,,Rekakat,1,Regular,2,Hot Appetizer,,,Y,,N,N,N,N,N,Y,N,N,N,Y,,,
Naya,,,Pumpkin Kibbe ,1,Regular,2,Hot Appetizer,,,N,,N,N,N,N,N,Y,N,N,Y,Y,,,
Naya,,,Fatayer,1,Regular,2,Hot Appetizer,,,N,,N,N,N,N,N,Y,N,N,Y,Y,,,
Naya,,,Kibbe,1,Regular,2,Hot Appetizer,,,Y,,N,N,N,Y,N,Y,N,N,N,N,,,
Naya,,,Vermicelli Rice,1,Regular,8,Extras,,,Y,,N,N,N,N,N,Y,N,N,N,Y,,,
Naya,,,Tri-Color Quiona,1,Regular,8,Extras,,,N,,N,N,N,N,N,N,N,N,Y,Y,,,
Naya,,,Pita Chips,1,Regular,8,Extras,,,N,,N,N,N,N,N,Y,N,N,Y,Y,,,
Naya,,,Toum (garlic whip),1,Regular,8,Extras,,,N,,N,N,N,N,N,N,N,N,Y,Y,,,
Naya,,,Pomegranate Tahini,1,Regular,8,Extras,,,N,,N,N,N,N,N,N,N,Y,Y,Y,,,
Naya,,,Spicy Red Pepper Sauce,1,Regular,8,Extras,,,N,,N,N,N,N,N,N,N,N,Y,Y,,,
Naya,,,Zesty Jalapeno Sauce,1,Regular,8,Extras,,,N,,N,N,N,N,N,N,N,N,Y,Y,,,
Naya,,,Lemon Tahini,1,Regular,8,Extras,,,N,,N,N,N,N,N,N,N,Y,Y,Y,,,
Naya,,,Pita Bread,1,Regular,8,Extras,,,N,,N,N,N,N,N,Y,N,N,Y,Y,,,
Naya,,,Namoura Coconut Cake,1,Regular,9,Sweets,,"A classic Middle Eastern dessert made with farina, soaked in a fragrant rose water and orange blossom syrup. Moist, sweet, and delicately flavored with hints of almond and coconut.",Y,,N,N,N,N,N,Y,N,N,N,Y,,,
Naya,,,Pistachio Baklava,1,Regular,9,Sweets,,"A crispy sweet pastry made of layers of phyllo filled with pistachio and hints of lemon, rose water, and orange blossom.",N,,N,N,N,Y,N,Y,N,N,Y,Y,,,
Naya,,,Cashew Baklava,1,Regular,9,Sweets,,"Crispy, rolled phyllo fingers filled with cashews and hints of lemon, rose water, and orange blossom.",N,,N,N,N,Y,N,Y,N,N,Y,Y,,,
Naya,,,Canned Soda,1,Regular,10,Beverages,,,N,,N,N,N,N,N,N,N,N,Y,Y,,,
Naya,,,Spindrift Orange Mango,1,Regular,10,Beverages,,,N,,N,N,N,N,N,N,N,N,Y,Y,,,
Naya,,,Spindrift Grapefruit,1,Regular,10,Beverages,,,N,,N,N,N,N,N,N,N,N,Y,Y,,,
Naya,,,Spindrift Raspberry Lime,1,Regular,10,Beverages,,,N,,N,N,N,N,N,N,N,N,Y,Y,,,
Naya,,,Gold Peak Iced Tea,1,Regular,10,Beverages,,,N,,N,N,N,N,N,N,N,N,Y,Y,,,
Naya,,,Open Water Sparkling,1,Regular,10,Beverages,,,N,,N,N,N,N,N,N,N,N,Y,Y,,,
Naya,,,Open Still Water,1,Regular,10,Beverages,,,N,,N,N,N,N,N,N,N,N,Y,Y,,,
Naya,,,Vermicelli Rice,1,Regular,3,Bowl Base,,,Y,,N,N,N,N,N,Y,N,N,N,Y,,,
Naya,,,Tri-Color Quinoa,1,Regular,3,Bowl Base,,,N,,N,N,N,N,N,N,N,N,Y,Y,,,
Naya,,,White Pita,1,Regular,4,Roll Base,,,N,,N,N,N,N,N,Y,Y,Y,Y,Y,,,
Naya,,,Whole Wheat Pita,1,Regular,4,Roll Base,,,N,,N,N,N,N,N,Y,Y,Y,Y,Y,,,
Naya,,,Romaine Lettuce,1,Regular,5,Salad Greens,,,N,,N,N,N,N,N,N,N,N,Y,Y,,,
Naya,,,Seasonal Greens ,1,Regular,5,Salad Greens,,"Mix of green leaf, red lead, tangos, lollo, rosa, batavia, and oak leaf",N,,N,N,N,N,N,N,N,N,Y,Y,,,
Naya,,,Roasted Lemon Chicken,1,Regular,6,Protein,,Tender chicken marinated in spices and New York Shuk Preserved Lemon.,N,,N,N,N,N,N,N,Y,Y,N,N,,,
Naya,,,Chicken Shawarma,1,Regular,6,Protein,,"Marinated in a blend of Middle Eastern spices and roasted to perfection, our chicken shawarma is juicy and flavorful.",Y,,N,N,N,N,N,N,N,N,N,N,,,
Naya,,,Chicken Kebab,1,Regular,6,Protein,,"Our chicken kebab is made with marinated chicken breast, grilled until tender and bursting with flavor.",Y,,N,N,N,N,N,N,N,N,N,N,,,
Naya,,,Beef Shawarma,1,Regular,6,Protein,,"Our beef shawarma features tender strips of beef marinated in authentic spices and expertly grilled to bring out a rich, savory flavor.",N,,N,N,N,N,N,N,N,N,N,N,,,
Naya,,,Kafta Lamb Kebab,1,Regular,6,Protein,,Our grilled kafta lamb kebabs are a combination of ground beef and lamb with fresh herbs and spices.,N,,N,N,N,N,N,N,N,N,N,N,,,
Naya,,,Cauliflower ,1,Regular,6,Protein,,Marinated cauliflower florets seasoned with herbs and spices offer an aromatic and tasty vegan choice that's hard to resist.,N,,N,N,N,N,N,N,N,Y,Y,Y,,,
Naya,,,Falafel,1,Regular,6,Protein,,"Crispy on the outside, soft on the inside. Our falafel are golden chickpea croquettes seasoned with a special blend of herbs and spices. A tasty vegetarian option.",N,,N,N,N,N,N,N,N,N,Y,Y,,,
Naya,,,Hummus Dip,1,Regular,7,Unlimited Toppings,,,N,,N,N,N,N,N,N,N,Y,Y,Y,,,
Naya,,,Toum (garlic whip),1,Regular,7,Unlimited Toppings,,,N,,N,N,N,N,N,N,N,N,Y,Y,,,
Naya,,,Baba Ghannouj Dip,1,Regular,7,Unlimited Toppings,,,Y,,N,N,N,N,N,N,N,Y,N,Y,,,
Naya,,,Cucumber Yogurt Dip,1,Regular,7,Unlimited Toppings,,,Y,,N,N,N,N,N,N,N,N,N,Y,,,
Naya,,,Romaine Lettuce,1,Regular,7,Unlimited Toppings,,,N,,N,N,N,N,N,N,N,N,Y,Y,,,
Naya,,,Tomatoes,1,Regular,7,Unlimited Toppings,,,N,,N,N,N,N,N,N,N,N,Y,Y,,,
Naya,,,Cucumbers,1,Regular,7,Unlimited Toppings,,,N,,N,N,N,N,N,N,N,N,Y,Y,,,
Naya,,,Cabbage Slaw,1,Regular,7,Unlimited Toppings,,,N,,N,N,N,N,N,N,N,N,Y,Y,,,
Naya,,,Lebanese Pickles,1,Regular,7,Unlimited Toppings,,,N,,N,N,N,N,N,N,N,N,Y,Y,,,
Naya,,,Pickled Turnips,1,Regular,7,Unlimited Toppings,,,N,,N,N,N,N,N,N,N,N,Y,Y,,,
Naya,,,Sumac Onions,1,Regular,7,Unlimited Toppings,,,N,,N,N,N,N,N,N,N,N,Y,Y,,,
Naya,,,Kalamata Olives,1,Regular,7,Unlimited Toppings,,,N,,N,N,N,N,N,N,N,N,Y,Y,,,
Naya,,,Jalapenos,1,Regular,7,Unlimited Toppings,,,N,,N,N,N,N,N,N,N,N,Y,Y,,,
Naya,,,Feta Cheese,1,Regular,7,Unlimited Toppings,,,Y,,N,N,N,N,N,N,N,N,N,Y,,,
Naya,,,Pomegranate Tahini,1,Regular,7,Unlimited Toppings,,,N,,N,N,N,N,N,N,N,Y,Y,Y,, ,
Naya,,,Spicy Red Pepper Sauce,1,Regular,7,Unlimited Toppings,,,N,,N,N,N,N,N,N,N,N,Y,Y,,,
Naya,,,Zesty Jalapeno Sauce,1,Regular,7,Unlimited Toppings,,,N,,N,N,N,N,N,N,N,N,Y,Y,,,
Naya,,,Lemon Tahini,1,Regular,7,Unlimited Toppings,,,N,,N,N,N,N,N,N,N,Y,Y,Y,,,
Cava,,,Greek Salad,1,Regular,1,Curated Bowls,,,,Y,N,N,N,N,N,N,N,Y,N,N,,,
Cava,,,Harissa Avocado,1,Regular,1,Curated Bowls,,,,3,N,N,N,N,N,N,N,Y,N,N,,,
Cava,,,Spicy Lamb + Avocado,1,Regular,1,Curated Bowls,,,,Y,N,N,N,N,N,N,N,Y,N,N,,,
Cava,,,Chicken + Rice,1,Regular,1,Curated Bowls,,,,Y,N,N,N,N,N,N,N,Y,N,N,,,
Cava,,,Falafel Crunch,1,Regular,1,Curated Bowls,,,,Y,N,N,N,N,N,Y,N,Y,N,Y,,,
Cava,,,Steak + Harissa,1,Regular,1,Curated Bowls,,,,Y,N,N,N,N,N,N,N,Y,N,N,,,
Cava,,,Garlicky Chicken Shawarma,1,Regular,1,Curated Bowls,,,,Y,N,N,N,N,N,N,N,Y,N,N,,,
Cava,,,Crispy Falafel,2,No allergen information found on Cava's website,2,Curated Pitas,,,,N,N,,,N,N,Y,N,N,N,Y,,,
Cava,,,Greek Chicken,1,Regular,2,Curated Pitas,,,,Y,N,N,N,N,N,Y,N,Y,N,N,,,
Cava,,,Spicy Chicken + Avocado,1,Regular,2,Curated Pitas,,,,Y,N,N,N,N,N,Y,N,Y,N,N,,,
Cava,,,Steak + Feta,1,Regular,2,Curated Pitas,,,,Y,N,N,N,N,N,Y,N,Y,N,N,,,
Cava,,,Garlic Chicken + Veggie,2,No allergen information found on Cava's website,2,Curated Pitas,,,,Y,N,,,N,N,Y,N,N,N,Y,,,
Cava,,,Chicken Shawarma,1,Regular,2,Curated Pitas,,,,N,N,N,N,N,N,N,N,N,N,N,,,
Cava,,,Brown Rice,1,Regular,3,Greens + Grains,,,,N,N,N,N,N,N,N,N,N,Y,Y,,,
Cava,,,Saffron Basmati Rice,1,Regular,3,Greens + Grains,,,,N,N,N,N,N,N,N,N,N,Y,Y,,,
Cava,,,Black Lentils,1,Regular,3,Greens + Grains,,,,N,N,N,N,N,N,N,N,N,Y,Y,,,
Cava,,,SuperGreens,1,Regular,3,Greens + Grains,,,,N,N,N,N,N,N,N,N,N,Y,Y,,,
Cava,,,Arugula,1,Regular,3,Greens + Grains,,,,N,N,N,N,N,N,N,N,N,Y,Y,,,
Cava,,,Baby Spinach,1,Regular,3,Greens + Grains,,,,N,N,N,N,N,N,N,N,N,Y,Y,,,
Cava,,,Romaine,1,Regular,3,Greens + Grains,,,,N,N,N,N,N,N,N,N,N,Y,Y,,,
Cava,,,SplendidGreens®,1,Regular,3,Greens + Grains,,,,N,N,N,N,N,N,N,N,N,Y,Y,,,
Cava,,,Pita,1,Regular,4,Pitas,,,,N,N,N,N,N,N,Y,N,N,Y,Y,,,
Cava,,,Tzatziki,1,Regular,5,Dips + Spreads,,,,Y,N,N,N,N,N,N,N,N,N,Y,,,
Cava,,,Hummus,1,Regular,5,Dips + Spreads,,,,N,N,N,N,N,N,N,N,Y,Y,Y,,,
Cava,,,Roasted Eggplant,1,Regular,5,Dips + Spreads,,,,N,N,N,N,N,N,N,N,N,Y,Y,,,
Cava,,,Crazy Feta®,1,Regular,5,Dips + Spreads,,,,Y,N,N,N,N,N,N,N,N,N,Y,,,
Cava,,,Harissa,1,Regular,5,Dips + Spreads,,,,N,N,N,N,N,N,N,N,N,Y,Y,,,
Cava,,,Red Pepper Hummus,1,Regular,5,Dips + Spreads,,,,N,N,N,N,N,N,N,N,Y,Y,Y,,,
Cava,,,Braised Lamb,1,Regular,6,Mains,,,,N,N,N,N,N,N,N,N,N,N,N,,,
Cava,,,Grilled Chicken,1,Regular,6,Mains,,,,N,N,N,N,N,N,N,N,N,N,N,,,
Cava,,,Grilled Steak,1,Regular,6,Mains,,,,N,N,N,N,N,N,N,N,N,N,N,,,
Cava,,,Falafel,1,Regular,6,Mains,,,,N,N,N,N,N,N,Y,N,N,Y,Y,,,
Cava,,,Harissa Honey Chicken,1,Regular,6,Mains,,,,N,N,N,N,N,N,N,N,N,N,N,,,
Cava,,,Roasted Vegetables,1,Regular,6,Mains,,,,N,N,N,N,N,N,N,N,N,Y,Y,,,
Cava,,,Spicy Lamb Meatballs,1,Regular,6,Mains,,,,N,N,N,N,N,N,N,N,N,N,N,,,
Cava,,,Chicken Shawarma,1,Regular,6,Mains,,,,N,N,N,N,N,N,N,N,N,N,N,,,
Cava,,,Cabbage Slaw,1,Regular,7,Toppings,,,,N,N,N,N,N,N,N,N,N,Y,Y,,,
Cava,,,Tomato + Onion,1,Regular,7,Toppings,,,,N,N,N,N,N,N,N,N,N,Y,Y,,,
Cava,,,Persian Cucumber,2,No allergen information found on Cava's website,7,Toppings,,,,N,N,,,N,N,N,N,N,N,N,,,No allergen information found on Cava's Website
Cava,,,Tomato + Cucumber,2,No allergen information found on Cava's website,7,Toppings,,,,N,N,,,N,N,N,N,N,N,N,,,No allergen information found on Cava's Website
Cava,,,Kalamata Olives,2,No allergen information found on Cava's website,7,Toppings,,,,N,N,,,N,N,N,N,N,N,N,,,No allergen information found on Cava's Website
Cava,,,Fiery Broccoli,2,No allergen information found on Cava's website,7,Toppings,,,,N,N,,,N,N,N,N,Y,Y,Y,,,No allergen information found on Cava's Website
Cava,,,Pickled Onions,2,No allergen information found on Cava's website,7,Toppings,,,,N,N,,,N,N,N,N,N,Y,Y,,,No allergen information found on Cava's Website
Cava,,,Salt-Brined Pickles,2,No allergen information found on Cava's website,7,Toppings,,,,N,N,,,N,N,N,N,Y,Y,Y,,,No allergen information found on Cava's Website
Cava,,,Crumbled Feta,2,No allergen information found on Cava's website,7,Toppings,,,,Y,N,,,N,N,N,N,N,Y,Y,,,No allergen information found on Cava's Website
Cava,,,Fire-Roasted Corn,2,No allergen information found on Cava's website,7,Toppings,,,,N,N,,,N,N,N,N,Y,N,Y,,,No allergen information found on Cava's Website
Cava,,,Avocado,2,No allergen information found on Cava's website,7,Toppings,,,,N,N,,,N,N,N,N,N,N,Y,,,No allergen information found on Cava's Website
Cava,,,Shredded Romaine,2,No allergen information found on Cava's website,7,Toppings,,,,N,N,,,N,N,N,N,N,Y,Y,,,No allergen information found on Cava's Website
Cava,,,Pita Crisps,2,No allergen information found on Cava's website,7,Toppings,,,,N,N,,,N,N,N,N,N,Y,Y,,,No allergen information found on Cava's Website
Cava,,,Balsamic Date Vinaigrette,2,No allergen information found on Cava's website,8,Dressings,,,,N,N,,,N,N,N,N,N,Y,Y,,,No allergen information found on Cava's Website
Cava,,,Yogurt Dill,1,Regular,8,Dressings,,,,Y,N,N,N,N,N,N,N,N,N,Y,Y,,
Cava,,,Lemon-Herb Tahini,1,Regular,8,Dressings,,,,N,N,N,N,N,N,N,N,Y,Y,Y,Y,,
Cava,,,Tahini Caesar,2,No allergen information found on Cava's website,8,Dressings,,,,N,N,,,N,N,N,N,N,Y,Y,,,
Cava,,,Greek Vinaigrette,1,Regular,8,Dressings,,,,N,N,N,N,N,N,N,N,N,N,Y,Y,,
Cava,,,Skhug,2,No allergen information found on Cava's website,8,Dressings,,,,N,N,,,N,N,N,N,N,Y,Y,,,
Cava,,,Hot Harissa Vinaigrette,2,No allergen information found on Cava's website,8,Dressings,,,,N,N,,,N,N,N,N,N,Y,Y,,,
Cava,,,Garlic Dressing,2,No allergen information found on Cava's website,8,Dressings,,,,N,N,,,N,N,N,N,N,N,Y,,,
Cava,,,Side Pita,2,No allergen information found on Cava's website,9,Sides,,,,N,N,,,N,N,N,N,Y,Y,Y,,,
Cava,,,Pita Chips,2,No allergen information found on Cava's website,9,Sides,,,,N,N,,,N,N,N,N,N,Y,Y,,,
Cava,,,Greyston Blondie,2,No allergen information found on Cava's website,9,Sides,,,,Y,N,,,N,N,N,N,N,Y,Y,,,
Cava,,,Greyston Brownie,2,No allergen information found on Cava's website,9,Sides,,,,Y,N,,,N,N,N,N,Y,Y,Y,,,
Cava,,,Whisked! Apricot Honey,2,No allergen information found on Cava's website,9,Sides,,,,Y,N,,,N,N,N,N,Y,N,N,,,
Cava,,,Whisked! Salted Dark Chocolate Oat Cookie,2,No allergen information found on Cava's website,9,Sides,,,,Y,N,,,N,N,N,N,Y,N,N,,,
Cava,,,Kids Pita Chips,1,Regular,10,Kids Meal,,,,N,N,N,N,N,N,Y,N,N,Y,Y,,,
Cava,,,Kids Saffron Basmati Rice,1,Regular,10,Kids Meal,,,,N,N,N,N,N,N,N,N,N,Y,Y,,,
Cava,,,Kids Brown Rice,1,Regular,10,Kids Meal,,,,N,N,N,N,N,N,N,N,N,Y,Y,,,
Cava,,,Kids Black Lentils,1,Regular,10,Kids Meal,,,,N,N,N,N,N,N,N,N,N,Y,Y,,,
Cava,,,Kids Mini Pita,1,Regular,10,Kids Meal,,,,N,N,N,N,N,N,Y,N,N,Y,Y,,,
Cava,,,Carrot Sticks,1,Regular,10,Kids Meal,,,,N,N,N,N,N,N,N,N,N,Y,Y,,,
Cava,,,Kids Chicken,1,Regular,10,Kids Meal,,,,N,N,N,N,N,N,N,N,N,N,N,,,
Cava,,,Kids Harissa Honey Chicken,1,Regular,10,Kids Meal,,,,N,N,N,N,N,N,N,N,N,N,N,,,
Cava,,,Kids Falafel,1,Regular,10,Kids Meal,,,,N,N,N,N,N,N,Y,N,N,N,N,,,
Cava,,,Kids Spicy Lamb Meatballs,1,Regular,10,Kids Meal,,,,N,N,N,N,N,N,N,N,N,N,N,,,
Cava,,,Kids Roasted Vegetables,1,Regular,10,Kids Meal,,,,N,N,N,N,N,N,N,N,N,Y,Y,,,
Cava,,,Kids Braised Lamb,1,Regular,10,Kids Meal,,,,N,N,N,N,N,N,N,N,N,N,N,,,
Cava,,,Kids Grilled Steak,1,Regular,10,Kids Meal,,,,N,N,N,N,N,N,N,N,N,N,N,,,
Cava,,,Classic Lemonade,2,No allergen information found on Cava's website,11,Drinks,,,,N,N,,,N,N,N,N,N,Y,Y,,,No allergen information found on Cava's website
Cava,,,Sweet Tea,2,No allergen information found on Cava's website,11,Drinks,,,,N,N,,,N,N,N,N,N,Y,Y,,,No allergen information found on Cava's website
Cava,,,Jasmine Tea,2,No allergen information found on Cava's website,11,Drinks,,,,N,N,,,N,N,N,N,N,Y,Y,,,No allergen information found on Cava's website
Cava,,,Unsweetened Black Tea,2,No allergen information found on Cava's website,11,Drinks,,,,N,N,,,N,N,N,N,N,Y,Y,,,No allergen information found on Cava's website
Cava,,,Strawberry Citrus,2,No allergen information found on Cava's website,11,Drinks,,,,N,N,,,N,N,N,N,N,Y,Y,,,No allergen information found on Cava's website
Cava,,,Pineapple Apple Mint,2,No allergen information found on Cava's website,11,Drinks,,,,N,N,,,N,N,N,N,N,Y,Y,,,No allergen information found on Cava's website
Cava,,,Cucumber Mint Lime,2,No allergen information found on Cava's website,11,Drinks,,,,N,N,,,N,N,Y,Y,Y,Y,Y,,,No allergen information found on Cava's website
Cava,,,Blueberry Lavender,2,No allergen information found on Cava's website,11,Drinks,,,,N,N,,,N,N,N,N,N,N,Y,,,No allergen information found on Cava's website
Cava,,,Maine Root Soda (Fountain),2,No allergen information found on Cava's website,11,Drinks,,,,N,N,,,N,N,N,N,Y,Y,Y,,,No allergen information found on Cava's website
Cava,,,Maine Root Soda (Bottled),2,No allergen information found on Cava's website,11,Drinks,,,,N,N,,,N,N,N,N,N,Y,Y,,,No allergen information found on Cava's website
Cava,,,Spindrift Grapefruit,2,No allergen information found on Cava's website,11,Drinks,,,,N,N,,,N,N,N,N,N,N,Y,,,No allergen information found on Cava's website
Cava,,,Spindrift Cucumber,2,No allergen information found on Cava's website,11,Drinks,,,,N,N,,,N,N,N,N,N,Y,Y,,,No allergen information found on Cava's website
Cava,,,Spindrift Lemon,2,No allergen information found on Cava's website,11,Drinks,,,,N,N,,,N,N,N,N,Y,Y,Y,,,No allergen information found on Cava's website
Cava,,,Spindrift Raspberry Lime,2,No allergen information found on Cava's website,11,Drinks,,,,N,N,,,N,N,N,N,N,N,N,,,No allergen information found on Cava's website
Cava,,,Sprindrift Half Tea + Half Lemon,2,No allergen information found on Cava's website,11,Drinks,,,,N,N,,,N,N,N,N,N,N,N,,,No allergen information found on Cava's website
Cava,,,Horizon 1% Milk,2,No allergen information found on Cava's website,11,Drinks,,,,Y,N,,,N,N,N,N,N,N,N,,,No allergen information found on Cava's website
Cava,,,Horizon Chocolate Milk,2,No allergen information found on Cava's website,11,Drinks,,,,Y,N,,,N,N,Y,Y,Y,Y,Y,,,No allergen information found on Cava's website
Cava,,,Honest Apple Juice,2,No allergen information found on Cava's website,11,Drinks,,,N,,N,,,N,N,N,N,N,N,N,,,No allergen information found on Cava's website
Cocoron,,,Hijiki,1,Frozen Food,1,Appetizer,,,N,,N,N,N,N,N,Y,Y,Y,/,,N,,
Cocoron,,,Kimchee,1,Frozen Food,1,Appetizer,,,N,,N,N,Y,N,N,Y,Y,Y,N,,N,,
Cocoron,,,Mera Mera Soba Broth,1,Frozen Food,2,Noodle Broth,,,N,,N,N,Y,N,N,Y,Y,Y,N,,N,,
Cocoron,,,Sansai Soba Broth,1,Frozen Food,2,Noodle Broth,,,N,,N,N,Y,N,N,Y,Y,N,/,,N,,
Cocoron,,,Pork Kimchee Soba Broth,1,Frozen Food,2,Noodle Broth,,,N,,N,N,Y,N,N,Y,Y,Y,N,,N,,
Cocoron,,,Japanese Style Curry Soba Broth,1,Frozen Food,2,Noodle Broth,,,N,,N,N,Y,N,N,Y,Y,N,N,,N,,
Cocoron,,,Ochazuke Ramen Broth,1,Frozen Food,3,Ramen Broth,,,N,,Y,N,N,N,N,Y,Y,Y,N,,N,,
Cocoron,,,Miso Ramen Broth,1,Frozen Food,3,Ramen Broth,,,N,,N,N,N,N,N,N,N,N,Y,,Y,,
Cocoron,,,Soba Noodle,1,Frozen Food,4,Noodle & Rice,,,N,,N,N,N,N,N,Y,N,N,N,,N,,
Cocoron,,,Ramen Noodle,1,Frozen Food,4,Noodle & Rice,,,N,,N,N,N,N,N,Y,N,N,Y,,N,,
Cocoron,,,Multi Grain Brown Rice,1,Frozen Food,4,Noodle & Rice,,,N,,N,N,N,N,N,Y,N,N,Y,,N,,
Cocoron,,,Yakuzen Soup Curry w/Chicken,1,Frozen Food,5,Curry Soup & Curry Roux,,,Y,,Y,N,N,N,N,Y,Y,N,N,,N,,
Cocoron,,,Yakuzen Soup Curry w/Chicken Wonton,1,Frozen Food,5,Curry Soup & Curry Roux,,,Y,,Y,N,N,N,N,Y,Y,N,N,,N,,
Cocoron,,,Yakuzen Soup Curry w/Pork,1,Frozen Food,5,Curry Soup & Curry Roux,,,Y,,N,N,N,N,N,Y,Y,N,N,,N,,
Cocoron,,,Mama's taste IEKEI Curry,1,Frozen Food,5,Curry Soup & Curry Roux,,,Y,,N,N,N,N,N,Y,Y,N,N,,N,,
Cocoron,,,Premium Classic Curry,1,Frozen Food,5,Curry Soup & Curry Roux,,,Y,,N,N,N,N,N,N,Y,N,N,,Y,,
Cocoron,,,Stamina Don,1,Frozen Food,5,Curry Soup & Curry Roux,,,N,,N,N,N,N,N,Y,Y,N,N,,N,,
Cocoron,,,Vegan Mera Mera Soba Broth,1,Frozen Food,6,Vegan Food,,,N,,N,N,N,N,N,Y,Y,Y,Y,,N,,
Cocoron,,,Vegan Sansai Soba Broth,1,Frozen Food,6,Vegan Food,,,N,,N,N,N,N,N,Y,Y,N,Y,,N,,
Cocoron,,,Crazy Rich Vegan Ramen,1,Frozen Food,6,Vegan Food,,,N,,N,N,N,N,N,Y,Y,Y,Y,,N,,
Cocoron,,,Iwanori Sauce,1,Frozen Food,7,Seasonings,,,N,,N,N,N,N,N,Y,Y,N,Y,,N,,
Cocoron,,,Tomato Sauce,1,Frozen Food,7,Seasonings,,,N,,N,N,N,N,N,Y,Y,N,Y,,N,,
Cocoron,,,Sesame Sauce,1,Frozen Food,7,Seasonings,,,N,,N,N,N,N,N,Y,Y,Y,Y,,N,,
Cocoron,,,Cold Soba Dipping Sauce,1,Frozen Food,7,Seasonings,,,N,,N,N,Y,N,N,Y,Y,N,N,,N,,
Cocoron,,,Vegan Cold Soba Dipping Sauce,1,Frozen Food,7,Seasonings,,,N,,N,N,N,N,N,Y,Y,N,Y,,N,,
Cocoron,,,Hijiki,1,Fresh Food,1,Appetizer,,,N,,N,N,N,N,N,Y,Y,Y,Y,,N,,
Cocoron,,,Kimchee,1,Fresh Food,1,Appetizer,,,N,,N,N,Y,N,N,Y,Y,Y,N,,N,,
Cocoron,,,Edamame,1,Fresh Food,1,Appetizer,,,N,,N,N,N,N,N,N,Y,N,Y,,Y,,
Cocoron,,,Wonton Cheese,1,Fresh Food,1,Appetizer,,,Y,,N,N,N,N,N,Y,N,N,N,,N,,
Cocoron,,,Mentai Mochi Spring Roll,1,Fresh Food,1,Appetizer,,,N,,Y,N,Y,N,N,Y,N,N,N,,N,,
Cocoron,,,Karaage,1,Fresh Food,1,Appetizer,,,N,,N,N,N,N,N,Y,Y,N,N,,N,,
Cocoron,,,Pork Gyoza,1,Fresh Food,1,Appetizer,,,N,,Y,N,N,N,N,Y,Y,Y,N,,N,,
Cocoron,,,Enoki Bacon,1,Fresh Food,1,Appetizer,,,N,,N,N,N,N,N,Y,Y,N,N,,N,,
Cocoron,,,Cold Zaru Soba,1,Fresh Food,8,Cold Soba,,,N,,N,N,Y,N,N,Y,Y,N,N,,N,,
Cocoron,,,Cold Natto Soba,1,Fresh Food,8,Cold Soba,,,N,,N,N,Y,N,N,Y,Y,Y,N,,N,,
Cocoron,,,Cold Tanuki Soba,1,Fresh Food,8,Cold Soba,,,N,,N,N,Y,N,N,Y,Y,N,N,,N,,
Cocoron,,,Cold Buta Shabu Soba,1,Fresh Food,8,Cold Soba,,,N,,N,N,Y,N,N,Y,Y,N,N,,N,,
Cocoron,,,COld Kimchee Soba,1,Fresh Food,8,Cold Soba,,,N,,Y,N,Y,N,N,Y,Y,Y,N,,N,,
Cocoron,,,Cold Sansai Soba,1,Fresh Food,8,Cold Soba,,,N,,N,N,Y,N,N,Y,Y,N,N,,N,,
Cocoron,,,Nameko Oroshi Soba,1,Fresh Food,8,Cold Soba,,,N,,N,N,Y,N,N,Y,Y,N,N,,N,,
Cocoron,,,Cold Oroshi Soba,1,Fresh Food,8,Cold Soba,,,N,,N,N,Y,N,N,Y,Y,N,N,,N,,
Cocoron,,,Cold Sesame Soba,1,Fresh Food,8,Cold Soba,,,N,,N,N,N,N,N,Y,Y,Y,Y,,N,,
Cocoron,,,Cold Bang Bang Soba,1,Fresh Food,8,Cold Soba,,,N,,N,N,N,N,N,Y,Y,Y,Y,,N,,
Cocoron,,,Warm Mera Mera Soba,1,Fresh Food,9,Warm Soba,,,N,,N,N,Y,N,N,Y,Y,Y,N,,N,,
Cocoron,,,Warm Tanuki Soba,1,Fresh Food,9,Warm Soba,,,N,,N,N,Y,N,N,Y,Y,N,N,,N,,
Cocoron,,,Warm Oroshi Hakusai Soba,1,Fresh Food,9,Warm Soba,,,N,,N,N,Y,N,N,Y,Y,N,N,,N,,
Cocoron,,,Warm Kashiwa Soba,1,Fresh Food,9,Warm Soba,,,N,,Y,N,Y,N,N,Y,Y,N,N,,N,,
Cocoron,,,Warm Nameko Oroshi Soba,1,Fresh Food,9,Warm Soba,,,N,,N,N,Y,N,N,Y,Y,N,N,,N,,
Cocoron,,,Warm Pork Kimchee Soba,1,Fresh Food,9,Warm Soba,,,N,,N,N,Y,N,N,Y,Y,Y,N,,N,,
Cocoron,,,Warm Buta Hakusai Soba,1,Fresh Food,9,Warm Soba,,,N,,N,N,Y,N,N,Y,Y,N,N,,N,,
Cocoron,,,Warm Japanese Style Curry Soba,1,Fresh Food,9,Warm Soba,,,N,,N,N,Y,N,N,Y,Y,N,N,,N,,
Cocoron,,,Warm Stamina Soba,1,Fresh Food,9,Warm Soba,,,N,,Y,N,Y,N,N,Y,Y,N,N,,N,,
Cocoron,,,Warm Sansai Soba,1,Fresh Food,9,Warm Soba,,,N,,N,N,Y,N,N,Y,Y,N,N,,N,,
Cocoron,,,Warm Kamo Soba,1,Fresh Food,9,Warm Soba,,,N,,Y,N,Y,N,N,Y,Y,N,N,,N,,
Cocoron,,,Warm Oroshi Soba,1,Fresh Food,9,Warm Soba,,,N,,N,N,Y,N,N,Y,Y,N,N,,N,,
Cocoron,,,Yakuzen Soup w/ Vegetables,1,Fresh Food,10,Yakuzen & Curry Roux,,,Y,,N,N,N,N,N,Y,Y,N,Y,,N,,
Cocoron,,,Yakuzen Soup w/ Chicken,1,Fresh Food,10,Yakuzen & Curry Roux,,,Y,,N,N,N,N,N,Y,Y,N,N,,N,,
Cocoron,,,Yakuzen Soup w/ Chicken & Vegetables,1,Fresh Food,10,Yakuzen & Curry Roux,,,Y,,N,N,N,N,N,Y,Y,N,N,,N,,
Cocoron,,,Yakuzen Soup Curry w/ Chicken Wonton,1,Fresh Food,10,Yakuzen & Curry Roux,,,Y,,Y,N,N,N,N,Y,Y,N,N,,N,,
Cocoron,,,Yakuzen Soup w/ Pork,1,Fresh Food,10,Yakuzen & Curry Roux,,,Y,,N,N,N,N,N,Y,Y,N,N,,N,,
Cocoron,,,Yakuzen Soup w/ Pork & Vegetables,1,Fresh Food,10,Yakuzen & Curry Roux,,,Y,,N,N,N,N,N,Y,Y,N,N,,N,,
Cocoron,,,Mama's taste IEKEI Curry,1,Fresh Food,10,Yakuzen & Curry Roux,,,Y,,N,N,N,N,N,Y,Y,N,N,,N,,
Cocoron,,,Premium Classic Curry,1,Fresh Food,10,Yakuzen & Curry Roux,,,Y,,N,N,N,N,N,N,Y,N,N,,Y,,
Cocoron,,,Premium Classic Curry Potato & Carrot,1,Fresh Food,10,Yakuzen & Curry Roux,,,Y,,N,N,N,N,N,N,Y,N,N,,Y,,
Cocoron,,,Ochazuke Ramen,1,Fresh Food,11,Ramen & Others,,,N,,Y,N,N,N,N,Y,Y,Y,N,,N,,
Cocoron,,,Stamina Don,1,Fresh Food,11,Ramen & Others,,,N,,N,N,N,N,N,Y,Y,N,N,,N,,
Cocoron,,,Multi Grain Brown Rice,1,Fresh Food,11,Ramen & Others,,,N,,N,N,N,N,N,Y,N,N,Y,,N,,
Cocoron,,,Vegan Cold Zaru Soba,1,Fresh Food,12,Vegan Cold Soba,,,N,,N,N,N,N,N,Y,Y,N,Y,,N,,
Cocoron,,,Vegan Cold Natto Soba,1,Fresh Food,12,Vegan Cold Soba,,,N,,N,N,N,N,N,Y,Y,N,Y,,N,,
Cocoron,,,Vegan Cold Tanuki Soba,1,Fresh Food,12,Vegan Cold Soba,,,N,,N,N,N,N,N,Y,Y,N,Y,,N,,
Cocoron,,,Vegan Cold Sansai Soba,1,Fresh Food,12,Vegan Cold Soba,,,N,,N,N,N,N,N,Y,Y,N,Y,,N,,
Cocoron,,,Vegan Cold Oroshi Soba,1,Fresh Food,12,Vegan Cold Soba,,,N,,N,N,N,N,N,Y,Y,N,Y,,N,,
Cocoron,,,Vegan Cold Nameko Oroshi Soba,1,Fresh Food,12,Vegan Cold Soba,,,N,,N,N,N,N,N,Y,Y,Y,Y,,N,,
Cocoron,,,Vegan Cold Sesame Soba,1,Fresh Food,12,Vegan Cold Soba,,,N,,N,N,N,N,N,Y,N,N,Y,,N,,
Cocoron,,,Vegan Warm Mera Mera Soba,1,Fresh Food,13,Vegan Warm Soba,,,N,,N,N,N,N,N,Y,Y,Y,Y,,N,,
Cocoron,,,Vegan Warm Kaka Soba,1,Fresh Food,13,Vegan Warm Soba,,,N,,N,N,N,N,N,Y,Y,N,Y,,N,,
Cocoron,,,Vegan Warm Tanuki Soba,1,Fresh Food,13,Vegan Warm Soba,,,N,,N,N,N,N,N,Y,Y,N,Y,,N,,
Cocoron,,,Vegan Warm Oroshi Soba,1,Fresh Food,13,Vegan Warm Soba,,,N,,N,N,N,N,N,Y,Y,N,Y,,N,,
Cocoron,,,Vegan Warm Oroshi Hakusai Soba,1,Fresh Food,13,Vegan Warm Soba,,,N,,N,N,N,N,N,Y,Y,N,Y,,N,,
Cocoron,,,Vegan Warm Nameko Oroshi Soba,1,Fresh Food,13,Vegan Warm Soba,,,N,,N,N,N,N,N,Y,Y,N,Y,,N,,
Cocoron,,,Vegan Warm Sansai Soba,1,Fresh Food,13,Vegan Warm Soba,,,N,,N,N,N,N,N,Y,Y,N,Y,,N,,
Cocoron,,,Vege Vege Curry,1,Fresh Food,14,Vegan Curry & Ramen,,,N,,N,N,N,N,N,N,N,N,Y,,Y,,
Cocoron,,,Vege Neva Natto Curry ,1,Fresh Food,14,Vegan Curry & Ramen,,,N,,N,N,N,N,N,N,N,N,Y,,Y,,
Cocoron,,,Crazy Rich Vegan Ramen,1,Fresh Food,14,Vegan Curry & Ramen,,,N,,N,N,N,N,N,Y,Y,Y,Y,,N,,
Chipotle Mexican Grill,,,Barbacoa,1,Regular,1,Protein or Veggie,,,N,,N,N,N,N,N,N,N,N,,N,Y,,
Chipotle Mexican Grill,,,Black Beans,1,Regular,2,Beans,,,N,,N,N,N,N,N,N,N,N,Y,Y,Y,,
Chipotle Mexican Grill,,,Brown Rice,1,Regular,3,Rice,,,N,,N,N,N,N,N,N,N,N,Y,Y,Y,,
Chipotle Mexican Grill,,,Carnitas,1,Regular,1,Protein or Veggie,,,N,,N,N,N,N,N,N,N,N,N,N,Y,,
Chipotle Mexican Grill,,,Chicken,1,Regular,1,Protein or Veggie,,,N,,N,N,N,N,N,N,N,N,N,N,Y,,
Chipotle Mexican Grill,,,Chipotle Honey Vinaigrette,1,Regular,7,Top Things Off,,,N,,N,N,N,N,N,N,N,N,,Y,Y,,
Chipotle Mexican Grill,,,Crispy Corn Tortilla,1,Regular,4,Tortilla,,,N,,N,N,N,N,N,N,N,N,Y,Y,Y,,
Chipotle Mexican Grill,,,Fajita Vegetables,1,Regular,7,Top Things Off,,,N,,N,N,N,N,N,N,N,N,Y,Y,Y,,
Chipotle Mexican Grill,,,Flour Tortilla (Burrito),1,Regular,4,Tortilla,,,N,,N,N,N,N,N,Y,N,N,Y,Y,N,,
Chipotle Mexican Grill,,,Flour Tortilla (Taco),1,Regular,4,Tortilla,,,N,,N,N,N,N,N,Y,N,N,Y,Y,N,,
Chipotle Mexican Grill,,,Fresh Tomato Salsa,1,Regular,7,Top Things Off,,,N,,N,N,N,N,N,N,N,N,Y,Y,Y,,
Chipotle Mexican Grill,,,Guacamole,1,Regular,7,Top Things Off,,,N,,N,N,N,N,N,N,N,N,Y,Y,Y,,
Chipotle Mexican Grill,,,Moneterey Jack Cheese,1,Regular,7,Top Things Off,,,Y,,N,N,N,N,N,N,N,N,N,Y,Y,,
Chipotle Mexican Grill,,,Pinto Beans,1,Regular,2,Beans,,,N,,N,N,N,N,N,N,N,N,Y,Y,Y,,
Chipotle Mexican Grill,,,Queso Blanco,1,Regular,7,Top Things Off,,,Y,,N,N,N,N,N,N,N,N,N,Y,Y,,
Chipotle Mexican Grill,,,Red Chimichurri Sauce,1,Regular,7,Top Things Off,,,N,,N,N,N,N,N,N,N,N,Y,Y,Y,,
Chipotle Mexican Grill,,,Roasted Chili-Corn Salsa,1,Regular,7,Top Things Off,,,N,,N,N,N,N,N,N,N,N,Y,Y,Y,,
Chipotle Mexican Grill,,,Romaine Lettuce,1,Regular,7,Top Things Off,,,N,,N,N,N,N,N,N,N,N,Y,Y,Y,,
Chipotle Mexican Grill,,,Sofritas,1,Regular,1,Protein or Veggie,,,N,,N,N,N,N,N,N,Y,N,Y,Y,Y,,
Chipotle Mexican Grill,,,Sour Cream,1,Regular,7,Top Things Off,,,Y,,N,N,N,N,N,N,N,N,N,Y,Y,,
Chipotle Mexican Grill,,,Steak,1,Regular,1,Protein or Veggie,,,N,,N,N,N,N,N,N,N,N,N,N,Y,,
Chipotle Mexican Grill,,,Supergreens Lettuce Blend,1,Regular,5,Lettuce,,,N,,N,N,N,N,N,N,N,N,Y,Y,Y,,
Chipotle Mexican Grill,,,Tomatillo Green-Chili Salsa,1,Regular,7,Top Things Off,,,N,,N,N,N,N,N,N,N,N,Y,Y,Y,,
Chipotle Mexican Grill,,,Tomatillo Red-Chili Salsa,1,Regular,7,Top Things Off,,,N,,N,N,N,N,N,N,N,N,Y,Y,Y,,
Chipotle Mexican Grill,,,Tortilla Chips,1,Regular,6,Chips,,,N,,N,N,N,N,N,N,N,N,Y,Y,Y,,
Chipotle Mexican Grill,,,White Rice,1,Regular,3,Rice,,,N,,N,N,N,N,N,N,N,N,Y,Y,Y,,
Chipotle Mexican Grill,,,Organic Watermelon Limeade,1,Regular,8,Drinks,,,,,,,,,,,,,,,,,
Chipotle Mexican Grill,,,Organic Lemonade,1,Regular,8,Drinks,,,,,,,,,,,,,,,,,
Chipotle Mexican Grill,,,Organic Mandarian Agua Fresca,1,Regular,8,Drinks,,,,,,,,,,,,,,,,,
Chipotle Mexican Grill,,,Organic Berry Agua Fresco,1,Regular,8,Drinks,,,,,,,,,,,,,,,,,
Chipotle Mexican Grill,,,Mexican Coca-Cola,1,Regular,8,Drinks,,,,,,,,,,,,,,,,,
Chipotle Mexican Grill,,,Mexican Sprite,1,Regular,8,Drinks,,,,,,,,,,,,,,,,,
Chipotle Mexican Grill,,,Topo Chico Mineral Water,1,Regular,8,Drinks,,,,,,,,,,,,,,,,,
Chipotle Mexican Grill,,,Coke Zero,1,Regular,8,Drinks,,,,,,,,,,,,,,,,,
Chipotle Mexican Grill,,,Poppi Strawberry Lemon,1,Regular,8,Drinks,,,N,,N,N,N,N,N,N,N,N,Y,Y,Y,,
Chipotle Mexican Grill,,,Poppi Orange,1,Regular,8,Drinks,,,N,,N,N,N,N,N,N,N,N,Y,Y,Y,,
Chipotle Mexican Grill,,,Blackberry Izze,1,Regular,8,Drinks,,,N,,N,N,N,N,N,N,N,N,,,,,
Chipotle Mexican Grill,,,Tractor Organic Lemonade,1,Regular,8,Drinks,,,,,,,,,,,,,,,,,
Chipotle Mexican Grill,,,Apple Juice ,1,Regular,8,Drinks,,,,,,,,,,,,,,,,,
Chipotle Mexican Grill,,,Open Water Still,1,Regular,8,Drinks,,,,,,,,,,,,,,,,,